ID,tank,temperature,predation_regime,length,taxon,stage,resp_rate,weight,heat,fish,treatment,formula,a,b,ww_mg,dw_mg,log_dw,log_resp,log_dw_c,log_resp_c
169,15,29,fish,11.088,chironomidae,NA,0.384990036,0.038545425,heated,fish,heated_fish,M = aL^b,0.001123,2.7264,0.7926246379488803,0.15852492758977607,-1.8418434261709382,-0.9545378255487398,1.4808042660271161,0.9368876596801801
170,15,29,fish,9.607,chironomidae,NA,0.379567642,-0.124589993,heated,fish,heated_fish,M = aL^b,0.001123,2.7264,0.5361756770150311,0.10723513540300622,-2.232731328420519,-0.9687224582400801,1.0899163637775353,0.9227030269888398
171,15,29,fish,9.828,chironomidae,NA,0.574773857,-0.098711317,heated,fish,heated_fish,M = aL^b,0.001123,2.7264,0.5704751552867003,0.11409503105734008,-2.1707235720778173,-0.5537786077183505,1.151924120120237,1.3376468775105694
172,15,29,fish,1.846,chironomidae,NA,0.037956764,-2.001442959,heated,fish,heated_fish,M = aL^b,0.001123,2.7264,0.005973568581498928,0.0011947137162997858,-6.729848690249619,-3.2713075565032788,-3.4072009980515645,-1.379882071274359
173,15,29,fish,8.948,chironomidae,NA,0.450058775,-0.205447949,heated,fish,heated_fish,M = aL^b,0.001123,2.7264,0.44173870702804835,0.08834774140560968,-2.4264746447128704,-0.798377093635549,0.8961730474851839,1.0930483915933709
174,15,29,fish,8.642,chironomidae,NA,0.347033272,-0.245040638,heated,fish,heated_fish,M = aL^b,0.001123,2.7264,0.40175832073252143,0.0803516641465043,-2.5213424757933725,-1.0583346189056997,0.8013052164046819,0.8330908663232202
175,15,29,fish,10.319,chironomidae,NA,0.493437934,-0.04323946,heated,fish,heated_fish,M = aL^b,0.001123,2.7264,0.6515703943084897,0.13031407886169796,-2.037807751097346,-0.7063581949885473,1.2848399411007083,1.1850672902403725
176,15,29,fish,9.72,chironomidae,NA,0.43379159,-0.11128439,heated,fish,heated_fish,M = aL^b,0.001123,2.7264,0.5535451640167072,0.11070903280334143,-2.2008498454569225,-0.8351910675914899,1.1217978467411318,1.0562344176374299
177,15,29,fish,8.694,chironomidae,NA,0.715756124,-0.238214558,heated,fish,heated_fish,M = aL^b,0.001123,2.7264,0.4083834854936594,0.08167669709873188,-2.504986543030352,-0.33441577898043867,0.8176611491677024,1.5570097062484811
178,15,29,fish,11.473,chironomidae,NA,0.591041042,0.077383719,heated,fish,heated_fish,M = aL^b,0.001123,2.7264,0.8699276034936368,0.17398552069872739,-1.7487831976052461,-0.5258698189787716,1.5738644945928082,1.3655556662501482
179,15,29,fish,4.653,chironomidae,NA,0.254852559,-0.949509407,heated,fish,heated_fish,M = aL^b,0.001123,2.7264,0.07428260930643797,0.014856521861287594,-4.2093163275675805,-1.3670701010457926,-0.8866686353695261,0.5243553841831272
180,15,29,fish,8.171,chironomidae,NA,0.363300457,-0.308808953,heated,fish,heated_fish,M = aL^b,0.001123,2.7264,0.3448314673267258,0.06896629346534516,-2.6741373942423636,-1.0125250818422018,0.6485102979556907,0.878900403386718
181,15,29,fish,2.76,chironomidae,NA,0.200628611,-1.543788209,heated,fish,heated_fish,M = aL^b,0.001123,2.7264,0.017884396002604684,0.003576879200520937,-5.633264590446626,-1.6062997865059383,-2.310616898248572,0.28512569872298155
182,15,29,fish,4.736,chironomidae,NA,0.054223949,-0.929391367,heated,fish,heated_fish,M = aL^b,0.001123,2.7264,0.07795109101292787,0.015590218202585574,-4.1611115996931725,-2.9146326046608166,-0.8384639074951181,-1.0232071194318968
183,15,29,fish,4.82,chironomidae,NA,0.287386929,-0.909386764,heated,fish,heated_fish,M = aL^b,0.001123,2.7264,0.08177851147765682,0.016355702295531363,-4.113178678190307,-1.2469257865384813,-0.7905309859922527,0.6444996986904385
184,15,29,fish,6.764,chironomidae,NA,0.200628611,-0.523836575,heated,fish,heated_fish,M = aL^b,0.001123,2.7264,0.20599033712593834,0.04119806742518767,-3.1893639308824704,-1.6062997865059383,0.13328376131558395,0.28512569872298155
185,15,29,fish,4.879,chironomidae,NA,0.22231819,-0.895543261,heated,fish,heated_fish,M = aL^b,0.001123,2.7264,0.08453662373279691,0.01690732474655938,-4.080008333994932,-1.5036456349988065,-0.7573606417968772,0.3877798502301133
186,15,29,fish,3.662,chironomidae,NA,0.048801554,-1.222027954,heated,fish,heated_fish,M = aL^b,0.001123,2.7264,0.03866352426080497,0.0077327048521609945,-4.862296561397609,-3.019993122367758,-1.5396488691995547,-1.1285676371388382
187,15,29,fish,5.706,odonata,NA,0.384990036,-0.717380774,heated,fish,heated_fish,M = aL^b,0.007720833333333333,2.779958333333333,0.977766102508686,0.1955532205017372,-1.6319227089735653,-0.9545378255487398,1.690724983224489,0.9368876596801801
188,15,29,fish,3.187,chironomidae,NA,0.113870292,-1.380108998,heated,fish,heated_fish,M = aL^b,0.001123,2.7264,0.026472844834205256,0.005294568966841051,-5.241073707049404,-2.172695267835169,-1.9184260148513497,-0.28126978260624935
189,15,29,fish,10.929,chironomidae,NA,0.227740585,0.022110712,heated,fish,heated_fish,M = aL^b,0.001123,2.7264,0.762018349974675,0.15240366999493501,-1.881222554687947,-1.4795480828842629,1.4414251375101073,0.411877402344657
190,15,29,fish,7.704,chironomidae,NA,0.43379159,-0.375773366,heated,fish,heated_fish,M = aL^b,0.001123,2.7264,0.2937128896295679,0.05874257792591358,-2.8345904671145155,-0.8351910675914899,0.4880572250835389,1.0562344176374299
191,15,29,fish,6.738,chironomidae,NA,0.24400777,-0.528218767,heated,fish,heated_fish,M = aL^b,0.001123,2.7264,0.2038387243442998,0.040767744868859965,-3.1998640771745688,-1.4105552099336578,0.12278361502348556,0.48087027529526205
192,15,29,fish,4.124,chironomidae,NA,0.330766088,-1.086835124,heated,fish,heated_fish,M = aL^b,0.001123,2.7264,0.05345453323592077,0.010690906647184154,-4.53836174489572,-1.1063438362025073,-1.215714052697666,0.7850816490264125
193,15,29,fish,8.378,chironomidae,NA,0.303654113,-0.280342272,heated,fish,heated_fish,M = aL^b,0.001123,2.7264,0.3691727383257694,0.07383454766515389,-2.605928531368199,-1.1918660115302222,0.7167191608298555,0.6995594736986976
194,15,29,fish,9.04,chironomidae,NA,0.249430164,-0.193808716,heated,fish,heated_fish,M = aL^b,0.001123,2.7264,0.45423162213236273,0.09084632442647256,-2.3985859425646336,-1.388576306778561,0.9240617496334207,0.5028491784503588
195,15,29,fish,7.085,chironomidae,NA,0.287386929,-0.471079585,heated,fish,heated_fish,M = aL^b,0.001123,2.7264,0.23374715615019426,0.04674943123003886,-3.062953189523827,-1.2469257865384813,0.2596945026742272,0.6444996986904385
196,15,29,fish,8.652,chironomidae,NA,0.330766088,-0.243724746,heated,fish,heated_fish,M = aL^b,0.001123,2.7264,0.40302706440131636,0.08060541288026328,-2.5181894744011406,-1.1063438362025073,0.8044582177969137,0.7850816490264125
197,15,29,fish,8.042,chironomidae,NA,0.238585375,-0.326916144,heated,fish,heated_fish,M = aL^b,0.001123,2.7264,0.3301903323137138,0.06603806646274277,-2.717523938633467,-1.4330280662514245,0.6051237535645875,0.4583974189774953
198,15,29,fish,8.548,chironomidae,NA,0.46632596,-0.257484979,heated,fish,heated_fish,M = aL^b,0.001123,2.7264,0.38995560394242024,0.07799112078848405,-2.551160294817436,-0.7628704044035467,0.7714873973806182,1.128555080825373
272,15,29,fish,3.678,chironomidae,NA,0.260274954,-1.217067285,heated,fish,heated_fish,M = aL^b,0.001123,2.7264,0.03912582994860639,0.007825165989721277,-4.850410330036974,-1.3460166913574805,-1.5277626378389195,0.5454087938714394
273,15,29,fish,2.657,chironomidae,NA,0.184361426,-1.587064132,heated,fish,heated_fish,M = aL^b,0.001123,2.7264,0.016122815722859587,0.0032245631445719175,-5.736957796957274,-1.690857176293178,-2.4143101047592195,0.20056830893574173
274,15,29,fish,2.902,chironomidae,NA,0.265697349,-1.486702795,heated,fish,heated_fish,M = aL^b,0.001123,2.7264,0.020505859137256277,0.004101171827451256,-5.496482534534745,-1.3253974036842846,-2.1738348423366904,0.5660280815446352
382,18,29,fish,9.447,chironomidae,NA,0.176227834,-0.143699946,heated,fish,heated_fish,M = aL^b,0.001123,2.7264,0.5121781971388347,0.10243563942776696,-2.278520585642262,-1.7359776097377888,1.0441271065557922,0.15544787549113104
383,18,29,fish,14.757,chironomidae,NA,0.456384902,0.363804958,heated,fish,heated_fish,M = aL^b,0.001123,2.7264,1.7279696654318155,0.3455939330863631,-1.062490796933281,-0.784418742172418,2.2601568952647733,1.1070067430565018
384,18,29,fish,5.082,chironomidae,NA,0.262082419,-0.849159193,heated,fish,heated_fish,M = aL^b,0.001123,2.7264,0.09447407648366847,0.018894815296733695,-3.9688677174740996,-1.3390962483539237,-0.6462200252760453,0.5523292368749961
385,18,29,fish,11.382,chironomidae,NA,0.411198278,0.068322679,heated,fish,heated_fish,M = aL^b,0.001123,2.7264,0.8512440635818578,0.17024881271637157,-1.7704943077426378,-0.888679752593141,1.5521533844554165,1.0027457326357787
386,18,29,fish,13.765,chironomidae,NA,0.307269043,0.284623681,heated,fish,heated_fish,M = aL^b,0.001123,2.7264,1.429352122240761,0.2858704244481522,-1.252216632195694,-1.180031553612013,2.0704310600023605,0.7113939316169069
387,18,29,fish,9.816,chironomidae,NA,0.311787706,-0.100101484,heated,fish,heated_fish,M = aL^b,0.001123,2.7264,0.5685780799931406,0.11371561599862812,-2.174054543781096,-1.1654327522570407,1.1485931484169583,0.7259927329718792
388,18,29,fish,11.921,chironomidae,NA,0.316306368,0.120969238,heated,fish,heated_fish,M = aL^b,0.001123,2.7264,0.9656920781150451,0.19313841562300904,-1.6443481677336704,-1.1510440160878652,1.678299524464384,0.7403814691410546
389,18,29,fish,8.205,chironomidae,NA,0.289194394,-0.304084111,heated,fish,heated_fish,M = aL^b,0.001123,2.7264,0.3487575446643577,0.06975150893287155,-2.662816225068475,-1.2406561733943997,0.6598314671295795,0.6507693118345201
390,18,29,fish,8.617,odonata,NA,0.537720826,0.534246676,heated,fish,heated_fish,M = aL^b,0.007720833333333333,2.779958333333333,3.075495832237908,0.6150991664475817,-0.4859717779181691,-0.6204157642818144,2.836675914279885,1.2710097209471054
391,18,29,fish,1.975,odonata,NA,0.099410573,-1.265479761,heated,fish,heated_fish,M = aL^b,0.007720833333333333,2.779958333333333,0.05120689000226116,0.010241378000452233,-4.58131909806789,-2.30849680276705,-1.258671405869836,-0.4170713175381302
392,18,29,fish,1.579,odonata,NA,0.063261274,-1.538861081,heated,fish,heated_fish,M = aL^b,0.007720833333333333,2.779958333333333,0.027488955175471355,0.005497791035094271,-5.203408897401495,-2.760481922198982,-1.8807612052034406,-0.8690564369700622
393,18,29,fish,2.847,odonata,NA,0.22593312,-0.818718068,heated,fish,heated_fish,M = aL^b,0.007720833333333333,2.779958333333333,0.14152801107187454,0.02830560221437491,-3.5646955358189447,-1.4875162527090784,-0.24204784362089038,0.40390923251984145
394,18,29,fish,2.037,odonata,NA,0.189783821,-1.227718248,heated,fish,heated_fish,M = aL^b,0.007720833333333333,2.779958333333333,0.05580156298959315,0.01116031259791863,-4.495391311855076,-1.6618696388000254,-1.1727436196570213,0.22955584642889448
395,18,29,fish,2.624,odonata,NA,0.325343693,-0.918364757,heated,fish,heated_fish,M = aL^b,0.007720833333333333,2.779958333333333,0.11281482398351786,0.022562964796703572,-3.791445442693308,-1.1228731385064346,-0.46879775049525385,0.7685523467224853
396,18,29,fish,2.633,odonata,NA,0.230451782,-0.914181746,heated,fish,heated_fish,M = aL^b,0.007720833333333333,2.779958333333333,0.11389379054908852,0.022778758109817707,-3.7819268391384915,-1.4677136271486195,-0.45927914694043714,0.4237118580803003
397,18,29,fish,2.147,odonata,NA,0.153634522,-1.163466472,heated,fish,heated_fish,M = aL^b,0.007720833333333333,2.779958333333333,0.06458675050189873,0.012917350100379747,-4.349183902253486,-1.8731787309174814,-1.0265362100554318,0.018246754311438407
398,18,29,fish,1.734,odonata,NA,0.167190509,-1.424464914,heated,fish,heated_fish,M = aL^b,0.007720833333333333,2.779958333333333,0.0356624106163364,0.00713248212326728,-4.943095981256588,-1.7886213442967598,-1.6204482890585332,0.10280414093216006
399,18,29,fish,2.328,odonata,NA,0.11296656,-1.064586902,heated,fish,heated_fish,M = aL^b,0.007720833333333333,2.779958333333333,0.0808838024633811,0.01617676049267622,-4.124179604166929,-2.180663433269024,-0.8015319119688744,-0.28923794804010394
400,18,29,fish,8.129,ceratopogonidae,NA,0.302750381,-0.27508705,heated,fish,heated_fish,M = aL^b,0.0032,2.4026666666666667,0.49166109098877636,0.09833221819775528,-2.31940355173654,-1.194846638085648,1.0032441404615144,0.6965788471432719
401,18,29,fish,5.924,ceratopogonidae,NA,0.108447898,-0.614519572,heated,fish,heated_fish,M = aL^b,0.0032,2.4026666666666667,0.2298721748486154,0.04597443496972309,-3.0796697985134824,-2.2214854241008717,0.2429778936845719,-0.33005993887195184
402,18,29,fish,8.459,ceratopogonidae,NA,0.099410573,-0.232400754,heated,fish,heated_fish,M = aL^b,0.0032,2.4026666666666667,0.5409890676729313,0.10819781353458627,-2.2237941204025256,-2.30849680276705,1.0988535717955288,-0.4170713175381302
403,18,29,fish,3.609,odonata,NA,0.212377133,-0.528980714,heated,fish,heated_fish,M = aL^b,0.007720833333333333,2.779958333333333,0.27363804898302,0.05472760979660401,-2.905386947416494,-1.5493916554854448,0.41726074478156017,0.34203382974347507
404,18,29,fish,2.175,odonata,NA,0.185265158,-1.147637111,heated,fish,heated_fish,M = aL^b,0.007720833333333333,2.779958333333333,0.06695559337286952,0.013391118674573904,-4.313163577244225,-1.685967193591984,-0.9905158850461708,0.20545829163693585
405,18,29,fish,2.145,odonata,NA,0.162671846,-1.164605028,heated,fish,heated_fish,M = aL^b,0.007720833333333333,2.779958333333333,0.06441963391347377,0.012883926782694755,-4.3517747303378735,-1.8160203221400524,-1.0291270381398192,0.07540516308886747
406,18,29,fish,10.436,ceratopogonidae,NA,0.316306368,-0.007099591,heated,fish,heated_fish,M = aL^b,0.0032,2.4026666666666667,0.8960821746756112,0.17921643493512227,-1.7191610698390674,-1.1510440160878652,1.603486622358987,0.7403814691410546
407,18,29,fish,13.014,odonata,NA,1.070922989,1.037927574,heated,fish,heated_fish,M = aL^b,0.007720833333333333,2.779958333333333,9.675641631382787,1.9351283262765575,0.6601736427719483,0.06852088318466172,3.982821334970003,1.9599463684135816
408,18,29,fish,12.346,odonata,NA,1.211001523,0.973553392,heated,fish,heated_fish,M = aL^b,0.007720833333333333,2.779958333333333,8.35721808219884,1.671443616439768,0.5136876939966358,0.19144772220847978,3.83633538619469,2.0828732074373995
422,18,29,fish,2.865,chironomidae,NA,0.09489191,-1.501303483,heated,fish,heated_fish,M = aL^b,0.001123,2.7264,0.01980087296065963,0.003960174592131926,-5.531467165765433,-2.3550168246291237,-2.2088194735673783,-0.4635913394002038
423,18,29,fish,3.807,chironomidae,NA,0.063261274,-1.177842867,heated,fish,heated_fish,M = aL^b,0.001123,2.7264,0.04298143506281687,0.008596287012563373,-4.756424911675589,-2.760481922198982,-1.433777219477535,-0.8690564369700622
424,18,29,fish,5.009,chironomidae,NA,0.293713056,-0.865622301,heated,fish,heated_fish,M = aL^b,0.001123,2.7264,0.09081988947864895,0.01816397789572979,-4.0083148826746235,-1.2251519882415873,-0.6856671904765692,0.6662734969873325
425,18,29,fish,3.903,chironomidae,NA,0.09489191,-1.1495058,heated,fish,heated_fish,M = aL^b,0.001123,2.7264,0.046001158215991794,0.009200231643198359,-4.688526616635601,-2.3550168246291237,-1.3658789244375464,-0.4635913394002038
426,18,29,fish,3.102,chironomidae,NA,0.117485222,-1.410868505,heated,fish,heated_fish,M = aL^b,0.001123,2.7264,0.02459189195052234,0.004918378390104468,-5.314776398313679,-2.141442723520426,-1.9921287061156248,-0.250017238291506
269,1,29,fish,2.751,chironomidae,NA,0.081335923,-1.547504658,heated,fish,heated_fish,M = aL^b,0.001123,2.7264,0.017725843143461137,0.0035451686286922276,-5.64216955209207,-2.5091675026999978,-2.3195218598940155,-0.6177420174710779
270,1,29,fish,3.04,chironomidae,NA,0.113870292,-1.433841215,heated,fish,heated_fish,M = aL^b,0.001123,2.7264,0.02327481805140502,0.0046549636102810035,-5.369821185623941,-2.172695267835169,-2.0471734934258867,-0.28126978260624935
271,1,29,fish,2.59,chironomidae,NA,0.124715082,-1.616124622,heated,fish,heated_fish,M = aL^b,0.001123,2.7264,0.015038351549542795,0.0030076703099085594,-5.806589483320244,-2.081723487338506,-2.4839417911221897,-0.19029800210958636
1,1,29,fish,8.743,chironomidae,NA,0.22593312,-0.231819551,heated,fish,heated_fish,M = aL^b,0.001123,2.7264,0.41468935241471855,0.08293787048294371,-2.4896634998860487,-1.4875162527090784,0.8329841923120056,0.40390923251984145
2,1,29,fish,10.403,chironomidae,NA,0.343418342,-0.034014476,heated,fish,heated_fish,M = aL^b,0.001123,2.7264,0.6661330156287716,0.13322660312575432,-2.015703817651541,-1.0688059190156534,1.3069438745465134,0.8226195662132665
3,1,29,fish,10.144,chironomidae,NA,0.302750381,-0.062701794,heated,fish,heated_fish,M = aL^b,0.001123,2.7264,0.6218829208217865,0.12437658416435732,-2.0844413465846374,-1.194846638085648,1.238206345613417,0.6965788471432719
4,1,29,fish,8.288,chironomidae,NA,0.180746496,-0.292631679,heated,fish,heated_fish,M = aL^b,0.001123,2.7264,0.35846035779586277,0.07169207155917255,-2.6353751154660356,-1.7106598040232879,0.6872725767320187,0.18076568120563197
5,1,29,fish,6.524,chironomidae,NA,0.153634522,-0.564943449,heated,fish,heated_fish,M = aL^b,0.001123,2.7264,0.1866683101659196,0.03733366203318392,-3.287859891933628,-1.8731787309174814,0.034787800264426405,0.018246754311438407
6,1,29,fish,8.58,chironomidae,NA,0.135559872,-0.25323331,heated,fish,heated_fish,M = aL^b,0.001123,2.7264,0.3939485423209842,0.07878970846419685,-2.540972893893883,-1.998341876475069,0.7816747983041714,-0.10691639124614905
7,1,29,fish,8.532,chironomidae,NA,0.140078534,-0.259616786,heated,fish,heated_fish,M = aL^b,0.001123,2.7264,0.38796878514780825,0.07759375702956166,-2.5562683056792697,-1.965552056507619,0.7663793865187847,-0.07412657127869915
8,1,29,fish,8.602,chironomidae,NA,0.230451782,-0.250319476,heated,fish,heated_fish,M = aL^b,0.001123,2.7264,0.39670864498033226,0.07934172899606645,-2.533991071896616,-1.4677136271486195,0.7886566203014382,0.4237118580803003
9,1,29,fish,9.706,chironomidae,NA,0.176227834,-0.112924452,heated,fish,heated_fish,M = aL^b,0.001123,2.7264,0.5513741416263097,0.11027482832526195,-2.2047795897798137,-1.7359776097377888,1.1178681024182406,0.15544787549113104
10,1,29,fish,8.708,chironomidae,NA,0.171709171,-0.236383743,heated,fish,heated_fish,M = aL^b,0.001123,2.7264,0.4101789202850012,0.08203578405700024,-2.50059973596969,-1.7619530995755988,0.8220479562283645,0.1294723856533211
11,1,29,fish,1.974,chironomidae,NA,0.051831716,-1.925160476,heated,fish,heated_fish,M = aL^b,0.001123,2.7264,0.007171569664126966,0.0014343139328253933,-6.547068639686751,-2.9597530390901157,-3.2244209474886967,-1.0683275538611958
12,1,29,fish,6.325,chironomidae,NA,0.131572817,-0.600191416,heated,fish,heated_fish,M = aL^b,0.001123,2.7264,0.1715501826703667,0.03431003653407334,-3.372317357289456,-2.0281948391776705,-0.049669665091401694,-0.13676935394875067
13,1,29,fish,3.628,chironomidae,NA,0.051831716,-1.232641735,heated,fish,heated_fish,M = aL^b,0.001123,2.7264,0.03769264585592084,0.007538529171184168,-4.887728186125652,-2.9597530390901157,-1.5650804939275975,-1.0683275538611958
14,1,29,fish,3.969,chironomidae,NA,0.075754046,-1.130425525,heated,fish,heated_fish,M = aL^b,0.001123,2.7264,0.04815306152069572,0.009630612304139145,-4.64280847220908,-2.5802634234778035,-1.320160780011026,-0.6888379382488836
15,1,29,fish,6.797,chironomidae,NA,0.115624597,-0.518298757,heated,fish,heated_fish,M = aL^b,0.001123,2.7264,0.2087418657851929,0.04174837315703858,-3.1760947947429554,-2.157406568561027,0.14655289745509892,-0.26598108333210724
16,1,29,fish,6.156,chironomidae,NA,0.143533982,-0.631007643,heated,fish,heated_fish,M = aL^b,0.001123,2.7264,0.15933951456231166,0.03186790291246233,-3.44615595402124,-1.9411834634547662,-0.12350826182318553,-0.04975797822584638
17,1,29,fish,6.996,chironomidae,NA,0.207326863,-0.485463526,heated,fish,heated_fish,M = aL^b,0.001123,2.7264,0.22582824173018695,0.045165648346037396,-3.097418473428843,-1.5734586827935266,0.22522921876921131,0.3179668024353932
18,1,29,fish,5.626,chironomidae,NA,0.095689321,-0.733446717,heated,fish,heated_fish,M = aL^b,0.001123,2.7264,0.12465918815490266,0.024931837630980534,-3.691609672531449,-2.3466485750464265,-0.36896198033339456,-0.4552230898175067
19,1,29,fish,4.871,chironomidae,NA,0.227262138,-0.897410505,heated,fish,heated_fish,M = aL^b,0.001123,2.7264,0.0841592438359102,0.01683184876718204,-4.084482427306671,-1.4816511348096937,-0.761834735108617,0.40977435041922616
20,1,29,fish,7.481,chironomidae,NA,0.187391588,-0.409195709,heated,fish,heated_fish,M = aL^b,0.001123,2.7264,0.2711086403494434,0.054221728069888675,-2.914673563971905,-1.6745547981255438,0.40797412822614953,0.2168706871033761
21,1,29,fish,8.244,chironomidae,NA,0.212377133,-0.298688489,heated,fish,heated_fish,M = aL^b,0.001123,2.7264,0.35329570145024936,0.07065914029004987,-2.6498878039798126,-1.5493916554854448,0.6727598882182417,0.34203382974347507
22,1,29,fish,8.634,chironomidae,NA,0.162671846,-0.246094448,heated,fish,heated_fish,M = aL^b,0.001123,2.7264,0.4007451489549528,0.08014902979099056,-2.523867504915741,-1.8160203221400524,0.7987801872823135,0.07540516308886747
23,1,29,fish,5.629,chironomidae,pupae,0.262082419,-0.732840133,heated,fish,heated_fish,M = aL^b,0.001123,2.7264,0.12484050379857305,0.02496810075971461,-3.690156238467708,-1.3390962483539237,-0.36750854626965346,0.5523292368749961
24,1,29,fish,8.316,chironomidae,NA,0.158153184,-0.288794065,heated,fish,heated_fish,M = aL^b,0.001123,2.7264,0.3617717047109802,0.07235434094219605,-2.626179828503473,-1.8441911966478106,0.6964678636945814,0.04723428858110923
25,1,29,fish,7.966,chironomidae,NA,0.167190509,-0.337720413,heated,fish,heated_fish,M = aL^b,0.001123,2.7264,0.3217520449620603,0.06435040899241205,-2.74341198921176,-1.7886213442967598,0.5792357029862942,0.10280414093216006
26,1,29,fish,7.172,chironomidae,NA,0.366011654,-0.457192468,heated,fish,heated_fish,M = aL^b,0.001123,2.7264,0.24165590847336027,0.04833118169467206,-3.0296783428825256,-1.0050901045576468,0.29296934931552876,0.886335380671273
27,1,29,fish,10.163,chironomidae,NA,0.266601082,-0.060572559,heated,fish,heated_fish,M = aL^b,0.001123,2.7264,0.6250637802777506,0.12501275605555012,-2.0793394984420233,-1.322001812731136,1.243308193756031,0.5694236724977839
28,1,29,fish,6.376,chironomidae,pupae,0.09489191,-0.591053436,heated,fish,heated_fish,M = aL^b,0.001123,2.7264,0.1753477769342913,0.03506955538685826,-3.3504218927872826,-2.3550168246291237,-0.027774200589228304,-0.4635913394002038
29,1,29,fish,6.554,chironomidae,NA,0.180746496,-0.559723139,heated,fish,heated_fish,M = aL^b,0.001123,2.7264,0.18901788798994537,0.03780357759798908,-3.2753515353857465,-1.7106598040232879,0.04729615681230781,0.18076568120563197
418,3,29,no_fish,2.194,chironomidae,NA,0.067779936,-1.804930051,heated,no fish,heated_no fish,M = aL^b,0.001123,2.7264,0.0095659319233663085,0.0019131863846732619,-6.258985162703807,-2.6914890570350143,-2.9363374705057526,-0.8000635718060944
419,3,29,no_fish,3.48,chironomidae,NA,0.108447898,-1.280032385,heated,no fish,heated_no fish,M = aL^b,0.001123,2.7264,0.033646617182264194,0.006729323436452839,-5.001280669880737,-2.2214854241008717,-1.6786329776826827,-0.33005993887195184
420,3,29,no_fish,3.077,chironomidae,NA,0.09489191,-1.420075964,heated,no fish,heated_no fish,M = aL^b,0.001123,2.7264,0.024055288066748594,0.004811057613349719,-5.336838340998815,-2.3550168246291237,-2.014190648800761,-0.4635913394002038
421,3,29,no_fish,3.518,chironomidae,NA,0.289194394,-1.267674916,heated,no fish,heated_no fish,M = aL^b,0.001123,2.7264,0.03465777844779575,0.006931555689559151,-4.971671004745716,-1.2406561733943997,-1.649023312547662,0.6507693118345201
409,3,29,no_fish,13.292,chironomidae,NA,0.799803245,0.244836667,heated,no fish,heated_no fish,M = aL^b,0.001123,2.7264,1.2993807816161844,0.2598761563232369,-1.347550083277594,-0.22338952531333367,1.9750976089204604,1.6680359599155863
410,3,29,no_fish,13.512,chironomidae,NA,0.777209933,0.263515443,heated,no fish,heated_no fish,M = aL^b,0.001123,2.7264,1.3588570545923,0.27177141091846,-1.302793967056139,-0.25204478106644057,2.0198537251419153,1.6393807041624793
411,3,29,no_fish,13.536,chironomidae,NA,0.736541971,0.265534701,heated,no fish,heated_no fish,M = aL^b,0.001123,2.7264,1.3654475884330213,0.2730895176866043,-1.297955633931883,-0.3057890576020012,2.0246920582661714,1.5856364276269186
412,3,29,no_fish,11.077,chironomidae,NA,0.58290745,0.037416044,heated,no fish,heated_no fish,M = aL^b,0.001123,2.7264,0.7904826124759498,0.15809652249518996,-1.844549530611464,-0.5397268530893369,1.4780981615865902,1.351698632139583
413,3,29,no_fish,11.841,chironomidae,NA,0.600982099,0.113307554,heated,no fish,heated_no fish,M = aL^b,0.001123,2.7264,0.9481255248333466,0.18962510496666932,-1.6627062877649093,-0.5091901302482592,1.659941404433145,1.3822353549806605
414,3,29,no_fish,10.543,chironomidae,NA,0.709429997,-0.018803783,heated,no fish,heated_no fish,M = aL^b,0.001123,2.7264,0.6908589193180386,0.1381717838636077,-1.9792575573534346,-0.34329345250699983,1.3433901348446198,1.5481320327219201
415,3,29,no_fish,12.125,chironomidae,NA,0.872101843,0.140276174,heated,no fish,heated_no fish,M = aL^b,0.001123,2.7264,1.011415656255512,0.20228313125110242,-1.5980869231042132,-0.13684906946166972,1.7245607690938412,1.75457641576725
416,3,29,no_fish,11.405,chironomidae,NA,0.45186624,0.070619654,heated,no fish,heated_no fish,M = aL^b,0.001123,2.7264,0.8559420328674098,0.17118840657348197,-1.764990536180343,-0.794369072149133,1.5576571560177113,1.0970564130797869
417,3,29,no_fish,9.616,chironomidae,NA,0.429272928,-0.123524533,heated,no fish,heated_no fish,M = aL^b,0.001123,2.7264,0.5375462511606054,0.10750925023212109,-2.2301783864455,-0.8456623665366835,1.0924693057525543,1.0457631186922365
30,3,29,no_fish,3.779,chironomidae,NA,0.085854586,-1.186242548,heated,no fish,heated_no fish,M = aL^b,0.001123,2.7264,0.042125019448229356,0.008425003889645871,-4.776551341064783,-2.4551002743117434,-1.4539036488667287,-0.5636747890828235
31,3,29,no_fish,2.531,odonata,NA,0.366011654,-0.962449209,heated,no fish,heated_no fish,M = aL^b,0.007720833333333333,2.779958333333333,0.10204683447468586,0.020409366894937175,-3.89176132199783,-1.0050901045576468,-0.5691136297997756,0.886335380671273
32,3,29,no_fish,3.042,chironomidae,NA,0.085854586,-1.433092875,heated,no fish,heated_no fish,M = aL^b,0.001123,2.7264,0.023316589437107346,0.004663317887421469,-5.368028091182459,-2.4551002743117434,-2.0453803989844044,-0.5636747890828235
33,3,29,no_fish,4.496,odonata,NA,0.275638406,-0.260509624,heated,no fish,heated_no fish,M = aL^b,0.007720833333333333,2.779958333333333,0.504073768337224,0.1008147536674448,-2.2944705683068296,-1.2886653954150897,1.0281771238912247,0.6027600898138301
34,3,29,no_fish,9.621,chironomidae,NA,0.311787706,-0.122933042,heated,no fish,heated_no fish,M = aL^b,0.001123,2.7264,0.5383086388372597,0.10766172776745193,-2.228761117608678,-1.1654327522570407,1.0938865745893764,0.7259927329718792
35,3,29,no_fish,9.511,chironomidae,NA,0.316306368,-0.136017408,heated,no fish,heated_no fish,M = aL^b,0.001123,2.7264,0.5216937309769434,0.10433874619538869,-2.260112497988854,-1.1510440160878652,1.0625351942092003,0.7403814691410546
36,3,29,no_fish,8.456,chironomidae,NA,0.289194394,-0.269797772,heated,no fish,heated_no fish,M = aL^b,0.001123,2.7264,0.37861894602567653,0.07572378920513531,-2.580662911564309,-1.2406561733943997,0.7419847806337452,0.6507693118345201
37,3,29,no_fish,4.295,odonata,NA,0.438310253,-0.316384621,heated,no fish,heated_no fish,M = aL^b,0.007720833333333333,2.779958333333333,0.4438900514548346,0.08877801029096694,-2.4216162915083244,-0.8248282791775438,0.90103140068973,1.0665972060513762
38,3,29,no_fish,9.08,chironomidae,NA,0.361492992,-0.188785081,heated,no fish,heated_no fish,M = aL^b,0.001123,2.7264,0.45973229583388814,0.09194645916677763,-2.3865488369192978,-1.0175126234633427,0.9360988552787566,0.8739128617655771
40,3,29,no_fish,9.711,ceratopogonidae,NA,0.709429997,-0.084336779,heated,no fish,heated_no fish,M = aL^b,0.0032,2.4026666666666667,0.7537306432977411,0.15074612865954823,-1.8921581242382695,-0.34329345250699983,1.4304895679597849,1.5481320327219201
41,3,29,no_fish,8.257,ceratopogonidae,NA,0.198821146,-0.258327702,heated,no fish,heated_no fish,M = aL^b,0.0032,2.4026666666666667,0.5104677630008276,0.10209355260016553,-2.2818657036980294,-1.6153496222071047,1.040781988500025,0.2760758630218152
42,3,29,no_fish,5.783,ceratopogonidae,NA,0.32082503,-0.64036036,heated,no fish,heated_no fish,M = aL^b,0.0032,2.4026666666666667,0.21694520136387374,0.04338904027277475,-3.1375483980434917,-1.1368593823426945,0.1850992941545626,0.7545661028862254
43,3,29,no_fish,8.035,ceratopogonidae,NA,0.289194394,-0.287563619,heated,no fish,heated_no fish,M = aL^b,0.0032,2.4026666666666667,0.47811171880150005,0.09562234376030002,-2.347348764891309,-1.2406561733943997,0.9752989273067452,0.6507693118345201
44,3,29,no_fish,8.032,chironomidae,NA,0.289194394,-0.328331911,heated,no fish,heated_no fish,M = aL^b,0.001123,2.7264,0.3290721217482297,0.06581442434964595,-2.7209162496347594,-1.2406561733943997,0.6017314425632949,0.6507693118345201
45,3,29,no_fish,11.399,chironomidae,NA,0.58290745,0.07002089,heated,no fish,heated_no fish,M = aL^b,0.001123,2.7264,0.8547148970067102,0.17094297940134207,-1.7664252318808769,-0.5397268530893369,1.5562224603171775,1.351698632139583
46,3,29,no_fish,7.138,chironomidae,NA,0.361492992,-0.46259946,heated,no fish,heated_no fish,M = aL^b,0.001123,2.7264,0.23854528934706096,0.047709057869412194,-3.042634006674622,-1.0175126234633427,0.28001368552343253,0.8739128617655771
47,3,29,no_fish,3.084,chironomidae,NA,0.085854586,-1.417490357,heated,no fish,heated_no fish,M = aL^b,0.001123,2.7264,0.024204781855552512,0.004840956371110503,-5.330642980436498,-2.4551002743117434,-2.007995288238444,-0.5636747890828235
48,3,29,no_fish,7.366,chironomidae,NA,0.361492992,-0.426822912,heated,no fish,heated_no fish,M = aL^b,0.001123,2.7264,0.2598964232720851,0.05197928465441703,-2.956910011802369,-1.0175126234633427,0.3657376803956853,0.8739128617655771
275,10,29,no_fish,7.199,NA,NA,0.428369196,-0.45291691,heated,no fish,heated_no fish,M = aL^b,0.021407571069767442,2.737481395348837,4.757009517936457,0.9514019035872915,-0.0498186941584492,-0.8477698477557194,3.2728289980396053,1.0436556374732004
276,10,29,no_fish,8.124,odonata,NA,1.138702925,0.462272757,heated,no fish,heated_no fish,M = aL^b,0.007720833333333333,2.779958333333333,2.6108783289395197,0.522175665787904,-0.6497512232132664,0.12988982954983747,2.672896468984788,2.0213153147787573
277,10,29,no_fish,8.334,odonata,NA,1.680942413,0.493450872,heated,no fish,heated_no fish,M = aL^b,0.007720833333333333,2.779958333333333,2.802841427205094,0.5605682854410188,-0.5788042143793504,0.5193545962549031,2.7438434778187037,2.410780081483823
278,10,29,no_fish,9.361,odonata,NA,2.402120932,0.635419463,heated,no fish,heated_no fish,M = aL^b,0.007720833333333333,2.779958333333333,3.8716808252935837,0.7743361650587168,-0.2557491779015263,0.8763520687684737,3.066898514296528,2.7677775539973934
279,10,29,no_fish,9.148,chironomidae,NA,0.173516636,-0.180295476,heated,no fish,heated_no fish,M = aL^b,0.001123,2.7264,0.4691798885958125,0.09383597771916251,-2.3662069387358495,-1.7514817994656449,0.9564407534622048,0.13994368576327498
280,10,29,no_fish,9.556,chironomidae,NA,0.254852559,-0.130646515,heated,no fish,heated_no fish,M = aL^b,0.001123,2.7264,0.5284508822535116,0.10569017645070232,-2.247243328450473,-1.3670701010457926,1.0754043637475812,0.5243553841831272
281,10,29,no_fish,11.192,chironomidae,NA,0.281964534,0.049168174,heated,no fish,heated_no fish,M = aL^b,0.001123,2.7264,0.8130583486285234,0.1626116697257047,-1.8163903149129572,-1.2659739819106715,1.5062573772850971,0.6254515033182484
282,10,29,no_fish,12.648,chironomidae,NA,0.558506673,0.188327261,heated,no fish,heated_no fish,M = aL^b,0.001123,2.7264,1.1348334984383235,0.2269666996876647,-1.4829519696730207,-0.5824887124690579,1.8396957225250337,1.308936772759862
283,10,29,no_fish,13.584,chironomidae,NA,0.563929068,0.269562499,heated,no fish,heated_no fish,M = aL^b,0.001123,2.7264,1.3786892955881263,0.2757378591176253,-1.2883046504030329,-0.5728268013507262,2.0343430417950215,1.3185986838781938
284,10,29,no_fish,11.148,chironomidae,NA,0.238585375,0.044686031,heated,no fish,heated_no fish,M = aL^b,0.001123,2.7264,0.8043731179843522,0.16087462359687044,-1.8271299527927765,-1.4330280662514245,1.4955177394052779,0.4583974189774953
285,10,29,no_fish,11.801,chironomidae,NA,0.46632596,0.109457279,heated,no fish,heated_no fish,M = aL^b,0.001123,2.7264,0.9394186997184537,0.18788373994369076,-1.6719319119979885,-0.7628704044035467,1.6507157802000658,1.128555080825373
286,10,29,no_fish,12.363,chironomidae,NA,0.292809324,0.162394533,heated,no fish,heated_no fish,M = aL^b,0.001123,2.7264,1.0664641806364845,0.2132928361272969,-1.5450892399699439,-1.2282336531397033,1.7775584522281105,0.6631918320892165
287,10,29,no_fish,12.157,chironomidae,NA,0.67779936,0.143275207,heated,no fish,heated_no fish,M = aL^b,0.001123,2.7264,1.018709834361614,0.20374196687232282,-1.5909009540319132,-0.3889039640409686,1.731746738166141,1.5025215211879512
288,10,29,no_fish,10.752,chironomidae,NA,0.271119744,0.003531846,heated,no fish,heated_no fish,M = aL^b,0.001123,2.7264,0.7288397710528679,0.1457679542105736,-1.9257392763599752,-1.3051946959151237,1.3969084158380791,0.5862307893137961
289,10,29,no_fish,8.595,chironomidae,NA,0.482593144,-0.251245796,heated,no fish,heated_no fish,M = aL^b,0.001123,2.7264,0.3958291067405278,0.07916582134810557,-2.536210621940698,-0.7285813322742143,0.7864370702573562,1.1628441529547056
290,10,29,no_fish,5.788,chironomidae,NA,0.292809324,-0.701145276,heated,no fish,heated_no fish,M = aL^b,0.001123,2.7264,0.13469067204740293,0.026938134409480587,-3.614212360231482,-1.2282336531397033,-0.29156466803342784,0.6631918320892165
291,10,29,no_fish,6.131,chironomidae,NA,0.368722852,-0.635637956,heated,no fish,heated_no fish,M = aL^b,0.001123,2.7264,0.15758146603376424,0.03151629320675285,-3.457250622216637,-0.9977099957332327,-0.1346029300185827,0.8937154894956871
292,10,29,no_fish,5.692,chironomidae,NA,0.081335923,-0.720175989,heated,no fish,heated_no fish,M = aL^b,0.001123,2.7264,0.1286867865508649,0.025737357310172983,-3.6598117506873864,-2.5091675026999978,-0.33716405848933206,-0.6177420174710779
293,10,29,no_fish,7.28,chironomidae,NA,0.639842596,-0.440185791,heated,no fish,heated_no fish,M = aL^b,0.001123,2.7264,0.25170668431967114,0.05034133686393423,-2.988928732934419,-0.4465330766275434,0.3337189592636354,1.4448924086013766
294,10,29,no_fish,7.454,chironomidae,NA,0.406679616,-0.413309807,heated,no fish,heated_no fish,M = aL^b,0.001123,2.7264,0.268449243747809,0.0536898487495618,-2.9245313316579447,-0.8997295878069592,0.3981163605401097,0.9916958974219606
295,10,29,no_fish,8.175,chironomidae,NA,0.368722852,-0.30825207,heated,no fish,heated_no fish,M = aL^b,0.001123,2.7264,0.3452918985277663,0.06905837970555327,-2.672803049421895,-0.9977099957332327,0.6498446427761593,0.8937154894956871
296,10,29,no_fish,10.851,chironomidae,NA,0.227740585,0.013960776,heated,no fish,heated_no fish,M = aL^b,0.001123,2.7264,0.7472819965806997,0.14945639931613994,-1.9007505720578954,-1.4795480828842629,1.421897120140159,0.411877402344657
297,10,29,no_fish,9.605,chironomidae,NA,0.401257221,-0.124826897,heated,no fish,heated_no fish,M = aL^b,0.001123,2.7264,0.5358714058200784,0.10717428116401569,-2.2332989736443056,-0.9131526084381599,1.0893487185537487,0.9782728767907599
298,10,29,no_fish,9.702,chironomidae,NA,0.184361426,-0.11339347600000001,heated,no fish,heated_no fish,M = aL^b,0.001123,2.7264,0.5507548415055552,0.11015096830111104,-2.2059034150224366,-1.690857176293178,1.1167442771756177,0.20056830893574173
299,10,29,no_fish,9.233,chironomidae,NA,0.151827057,-0.169771775,heated,no fish,heated_no fish,M = aL^b,0.001123,2.7264,0.4811610491062545,0.09623220982125091,-2.3409911559239367,-1.885013188796947,0.9816565362741176,0.00641229643197283
300,10,29,no_fish,8.66,chironomidae,NA,0.162671846,-0.242673127,heated,no fish,heated_no fish,M = aL^b,0.001123,2.7264,0.40404388382165685,0.08080877676433137,-2.5156696960332403,-1.8160203221400524,0.806977996164814,0.07540516308886747
301,10,29,no_fish,2.457,chironomidae,NA,0.059646344,-1.676108494,heated,no fish,heated_no fish,M = aL^b,0.001123,2.7264,0.013025079264422082,0.0026050158528844163,-5.950316518235087,-2.819322423179943,-2.6276688260370324,-0.9278969379510233
302,10,29,no_fish,5.976,chironomidae,NA,0.23316298,-0.664774262,heated,no fish,heated_no fish,M = aL^b,0.001123,2.7264,0.14695541230586023,0.029391082461172047,-3.527063968294812,-1.456017584963492,-0.2044162760967576,0.43540790026542786
303,10,29,no_fish,2.538,chironomidae,NA,0.075913528,-1.639201966,heated,no fish,heated_no fish,M = aL^b,0.001123,2.7264,0.01422937100368627,0.002845874200737254,-5.861884982421689,-2.578160375943334,-2.5392372902236344,-0.686734890714414
304,10,29,no_fish,3.445,chironomidae,NA,0.113870292,-1.291534232,heated,no fish,heated_no fish,M = aL^b,0.001123,2.7264,0.03273199398471791,0.0065463987969435825,-5.02884018252486,-2.172695267835169,-1.7061924903268055,-0.28126978260624935
305,10,29,no_fish,3.322,chironomidae,NA,0.059646344,-1.332902979,heated,no fish,heated_no fish,M = aL^b,0.001123,2.7264,0.029643105683020532,0.005928621136604107,-5.127963616348508,-2.819322423179943,-1.8053159241504533,-0.9278969379510233
306,10,29,no_fish,2.556,chironomidae,NA,0.043379159,-1.631160579,heated,no fish,heated_no fish,M = aL^b,0.001123,2.7264,0.014506199847207578,0.0029012399694415157,-5.842617057704649,-3.1377761605855357,-2.5199693655065944,-1.2463506753566158
307,10,29,no_fish,3.585,chironomidae,NA,0.081335923,-1.246208405,heated,no fish,heated_no fish,M = aL^b,0.001123,2.7264,0.03648707102738764,0.007297414205477528,-4.920235212005694,-2.5091675026999978,-1.5975875198076395,-0.6177420174710779
308,10,29,no_fish,2.243,chironomidae,NA,0.048801554,-1.779797308,heated,no fish,heated_no fish,M = aL^b,0.001123,2.7264,0.01015969540680036,0.0020319390813600723,-6.198764729360934,-3.019993122367758,-2.8761170371628797,-1.1285676371388382
119,17,29,no_fish,4.676,chironomidae,NA,0.216895795,-0.943898808,heated,no fish,heated_no fish,M = aL^b,0.001123,2.7264,0.07528797216585373,0.015057594433170746,-4.195872801562112,-1.5283382481514352,-0.873225109364058,0.3630872370774847
120,17,29,no_fish,3.976,chironomidae,NA,0.16944984,-1.1284205,heated,no fish,heated_no fish,M = aL^b,0.001123,2.7264,0.0483849565112068,0.00967699130224136,-4.6380042418910765,-1.7751983251608592,-1.3153565496930222,0.11622716006806066
121,17,29,no_fish,3.71,chironomidae,NA,0.142337866,-1.207210361,heated,no fish,heated_no fish,M = aL^b,0.001123,2.7264,0.040060907526860014,0.008012181505372003,-4.826792207244952,-1.949551709495422,-1.5041445150468977,-0.05812622426650216
122,17,29,no_fish,3.813,chironomidae,NA,0.16944984,-1.176050975,heated,no fish,heated_no fish,M = aL^b,0.001123,2.7264,0.04316637449250029,0.008633274898500059,-4.752131367481168,-1.7751983251608592,-1.4294836752831133,0.11622716006806066
123,17,29,no_fish,3.873,chironomidae,NA,0.189783821,-1.158285562,heated,no fish,heated_no fish,M = aL^b,0.001123,2.7264,0.04504353350574531,0.009008706701149062,-4.70956375804781,-1.6618696388000254,-1.3869160658497552,0.22955584642889448
124,17,29,no_fish,3.922,chironomidae,NA,0.298231718,-1.14398012,heated,no fish,heated_no fish,M = aL^b,0.001123,2.7264,0.04661426575478933,0.009322853150957867,-4.675286565056476,-1.2098845174520378,-1.3526388728584218,0.681540967776882
125,17,29,no_fish,4.677,chironomidae,NA,0.210117802,-0.943655495,heated,no fish,heated_no fish,M = aL^b,0.001123,2.7264,0.07533187785911165,0.01506637557182233,-4.195289801452974,-1.5600869436402196,-0.8726421092549197,0.33133854158870024
126,17,29,no_fish,4.073,chironomidae,NA,0.298231718,-1.10099425,heated,no fish,heated_no fish,M = aL^b,0.001123,2.7264,0.05167142085839888,0.010334284171679777,-4.572288350784198,-1.2098845174520378,-1.2496406585861433,0.681540967776882
127,17,29,no_fish,5.157,chironomidae,NA,0.372789648,-0.83248952,heated,no fish,heated_no fish,M = aL^b,0.001123,2.7264,0.09832394502974208,0.019664789005948417,-3.928925602576295,-0.9867409647965891,-0.6062779103782407,0.9046845204323307
128,17,29,no_fish,4.202,chironomidae,NA,0.183005827,-1.065515158,heated,no fish,heated_no fish,M = aL^b,0.001123,2.7264,0.056256191278552636,0.011251238255710528,-4.487277089214386,-1.6982372851175922,-1.1646293970163315,0.19318820011132765
129,17,29,no_fish,6.92,odonata,NA,0.698886451,0.266308431,heated,no fish,heated_no fish,M = aL^b,0.007720833333333333,2.779958333333333,1.6715682587616372,0.33431365175232747,-1.09567564955971,-0.3582669948652482,2.2269720426383444,1.5331584903636717
130,17,29,no_fish,8.397,odonata,NA,1.253175706,0.50265123,heated,no fish,heated_no fish,M = aL^b,0.007720833333333333,2.779958333333333,2.862139638009406,0.5724279276018812,-0.5578684421303715,0.22568089433506364,2.764779250067683,2.1171063795639835
131,17,29,no_fish,5.466,chironomidae,NA,0.277144627,-0.766275581,heated,no fish,heated_no fish,M = aL^b,0.001123,2.7264,0.11522911551017558,0.023045823102035116,-3.7702707362839103,-1.2832157899179932,-0.44762304408585596,0.6082096953109266
132,17,29,no_fish,2.377,chironomidae,NA,0.036149299,-1.713773548,heated,no fish,heated_no fish,M = aL^b,0.001123,2.7264,0.01190106198949445,0.00238021239789889,-6.040565552465997,-3.320097721989999,-2.717917860267943,-1.4286722367610791
133,17,29,no_fish,7.178,chironomidae,NA,0.265094861,-0.456240955,heated,no fish,heated_no fish,M = aL^b,0.001123,2.7264,0.24220749231224817,0.048441498462449634,-3.0273984263733587,-1.3276675510127351,0.2952492658246957,0.5637579342161847
134,17,29,no_fish,8.146,chironomidae,NA,0.271119744,-0.312295661,heated,no fish,heated_no fish,M = aL^b,0.001123,2.7264,0.3419625792610285,0.06839251585220571,-2.6824918777055626,-1.3051946959151237,0.6401558144924917,0.5862307893137961
135,17,29,no_fish,5.863,chironomidae,NA,0.343418342,-0.686495882,heated,no fish,heated_no fish,M = aL^b,0.001123,2.7264,0.13950245026664945,0.027900490053329893,-3.5791110256735936,-1.0688059190156534,-0.2564633334755393,0.8226195662132665
136,17,29,no_fish,8.651,chironomidae,NA,0.174721613,-0.243856267,heated,no fish,heated_no fish,M = aL^b,0.001123,2.7264,0.4029000760328288,0.08058001520656577,-2.5185046105050573,-1.7445613545542913,0.8041430816929971,0.14686413067462856
137,17,29,no_fish,2.118,chironomidae,NA,0.054223949,-1.845044,heated,no fish,heated_no fish,M = aL^b,0.001123,2.7264,0.008689289805649404,0.001737857961129881,-6.35510198095052,-2.9146326046608166,-3.032454288752466,-1.0232071194318968
138,17,29,no_fish,8.775,chironomidae,NA,0.415716941,-0.227662536,heated,no fish,heated_no fish,M = aL^b,0.001123,2.7264,0.4188405471302726,0.08376810942605452,-2.4797028996988306,-0.8777506806070874,0.8429447924992237,1.0136748046218325
139,17,29,no_fish,12.981,chironomidae,NA,0.692861568,0.217897348,heated,no fish,heated_no fish,M = aL^b,0.001123,2.7264,1.2181565260328657,0.24363130520657317,-1.4120992407029695,-0.3669250573221933,1.9105484514950848,1.5245004279067265
140,17,29,no_fish,12.772,chironomidae,NA,0.638637619,0.19942834,heated,no fish,heated_no fish,M = aL^b,0.001123,2.7264,1.1654242433752788,0.23308484867505577,-1.4563527343019784,-0.4484180918865428,1.866294957896076,1.443007393342377
141,17,29,no_fish,12.887,chironomidae,NA,0.554289254,0.209627786,heated,no fish,heated_no fish,M = aL^b,0.001123,2.7264,1.1942567415215914,0.2388513483043183,-1.43191389417856,-0.5900686093580481,1.8907337980194943,1.3013568758708718
142,17,29,no_fish,10.63,chironomidae,NA,0.481990656,-0.009452851,heated,no fish,heated_no fish,M = aL^b,0.001123,2.7264,0.7065128231374893,0.14130256462749788,-1.9568518392263767,-0.7298305510115617,1.3657958529716776,1.1615949342173582
143,17,29,no_fish,12.038,chironomidae,NA,0.662737152,0.132082364,heated,no fish,heated_no fish,M = aL^b,0.001123,2.7264,0.991752048231104,0.1983504096462208,-1.6177200667543525,-0.41137681989302705,1.7049276254437018,1.4800486653358929
144,17,29,no_fish,14.809,chironomidae,NA,0.722985984,0.367807416,heated,no fish,heated_no fish,M = aL^b,0.001123,2.7264,1.7446210774315147,0.348924215486303,-1.0529005279633807,-0.32436544290339736,2.2697471642346736,1.5670600423255225
145,17,29,no_fish,11.935,chironomidae,NA,0.698886451,0.122304745,heated,no fish,heated_no fish,M = aL^b,0.001123,2.7264,0.9687872427425335,0.1937574485485067,-1.641148167366312,-0.3582669948652482,1.6814995248317424,1.5331584903636717
146,17,29,no_fish,9.449,chironomidae,NA,0.361492992,-0.14345908,heated,no fish,heated_no fish,M = aL^b,0.001123,2.7264,0.5124738799665136,0.10249477599330273,-2.2779434476214786,-1.0175126234633427,1.0447042445765757,0.8739128617655771
147,17,29,no_fish,11.989,chironomidae,NA,0.650687386,0.127441351,heated,no fish,heated_no fish,M = aL^b,0.001123,2.7264,0.9807845568265162,0.19615691136530325,-1.6288403718450828,-0.4297259579464892,1.6938073203529715,1.4616995272824307
148,17,29,no_fish,10.705,chironomidae,NA,0.506090189,-0.001452925,heated,no fish,heated_no fish,M = aL^b,0.001123,2.7264,0.7201863036517455,0.14403726073034911,-1.9376832578055874,-0.6810403864469432,1.384964434392467,1.2103850987819766
149,17,29,no_fish,12.124,chironomidae,NA,0.503508096,0.140182326,heated,no fish,heated_no fish,M = aL^b,0.001123,2.7264,1.0111882478154137,0.20223764956308277,-1.5983117901091655,-0.6861554875089002,1.7243359020888889,1.2052699977200196
150,17,29,no_fish,12.779,chironomidae,NA,0.437111424,0.200051795,heated,no fish,heated_no fish,M = aL^b,0.001123,2.7264,1.1671665243474065,0.23343330486948133,-1.454858874924461,-0.8275671415587287,1.8677888172735932,1.0638583436701912
151,17,29,no_fish,12.425,chironomidae,NA,0.459243648,0.168086557,heated,no fish,heated_no fish,M = aL^b,0.001123,2.7264,1.0811089287457618,0.21622178574915238,-1.5314506122063185,-0.7781743862291522,1.7911970799917358,1.1132510989997675
152,17,29,no_fish,13.278,chironomidae,NA,0.348582528,0.243637576,heated,no fish,heated_no fish,M = aL^b,0.001123,2.7264,1.2956528427205922,0.2591305685441185,-1.3504232186582787,-1.0538802676342176,1.9722244735397756,0.8375452175947022
153,17,29,no_fish,9.518,chironomidae,NA,0.287718912,-0.135180269,heated,no fish,heated_no fish,M = aL^b,0.001123,2.7264,0.5227412282982208,0.10454824565964416,-2.2581066331655992,-1.2457712754443229,1.064541059032455,0.645654209784597
154,17,29,no_fish,11.406,chironomidae,NA,0.309851136,0.070719418,heated,no fish,heated_no fish,M = aL^b,0.001123,2.7264,0.856146663905227,0.1712293327810454,-1.7647514936130073,-1.171663303290601,1.557896198585047,0.7197621819383189
155,17,29,no_fish,13.345,chironomidae,NA,0.547772544,0.24936467,heated,no fish,heated_no fish,M = aL^b,0.001123,2.7264,1.3135551989096894,0.2627110397819379,-1.3367005588800038,-0.6018951438911604,1.9859471333180505,1.2895303413377595
156,17,29,no_fish,15.635,chironomidae,NA,0.403913088,0.429566456,heated,no fish,heated_no fish,M = aL^b,0.001123,2.7264,2.0228712009143432,0.4045742401828687,-0.90492002364344,-0.9065555528773591,2.4177276685546145,0.9848699323515607
157,17,29,no_fish,2.158,chironomidae,NA,0.033198336,-1.823755231,heated,no fish,heated_no fish,M = aL^b,0.001123,2.7264,0.00914402917859912,0.001828805835719824,-6.304092073918417,-3.405255524797695,-2.9814443817203626,-1.5138300395687752
158,17,29,no_fish,4.349,chironomidae,NA,0.426045312,-1.026389756,heated,no fish,heated_no fish,M = aL^b,0.001123,2.7264,0.06178522567688735,0.01235704513537747,-4.393528922250629,-0.8532095721720664,-1.0708812300525743,1.0382159130568533
328,5,25,fish,11.647,chironomidae,NA,0.22518001,1.066214075,no heated,fish,no heated_fish,M = aL^b,0.001123,2.7264,0.9063706037144257,0.18127412074288515,-1.7077449141409597,-1.4908551521982363,1.6149027780570946,0.40057033303068357
329,5,25,fish,12.234,chironomidae,NA,0.117485222,1.087568476,no heated,fish,no heated_fish,M = aL^b,0.001123,2.7264,1.0363977218388245,0.2072795443677649,-1.573686940879266,-2.141442723520426,1.7489607513187884,-0.250017238291506
330,5,25,fish,12.041,chironomidae,NA,0.160563137,1.080662556,no heated,fish,no heated_fish,M = aL^b,0.001123,2.7264,0.9924260375520485,0.1984852075104097,-1.617040702989884,-1.8290680368174521,1.7056069892081704,0.06235744841146773
331,5,25,fish,11.405,chironomidae,NA,0.162521224,1.05709529,no heated,fish,no heated_fish,M = aL^b,0.001123,2.7264,0.8559420328674098,0.17118840657348197,-1.764990536180343,-1.8169466765102187,1.5576571560177113,0.07447880871870116
332,5,25,fish,14.797,chironomidae,NA,0.146856528,1.170173674,no heated,fish,no heated_fish,M = aL^b,0.001123,2.7264,1.7407694667720692,0.3481538933544139,-1.0551106746763204,-1.9182991688015325,2.267537017521734,-0.02687368357261266
333,5,25,fish,13.338,chironomidae,NA,0.217347661,1.125090713,no heated,fish,no heated_fish,M = aL^b,0.001123,2.7264,1.3116775227094364,0.2623355045418873,-1.338131042741475,-1.5262570830499151,1.9845166494565794,0.3651684021790047
334,5,25,fish,11.961,chironomidae,NA,0.117485222,1.07776749,no heated,fish,no heated_fish,M = aL^b,0.001123,2.7264,0.9745520559810853,0.19491041119621708,-1.6352152557515691,-2.141442723520426,1.6874324364464852,-0.250017238291506
335,5,25,fish,14.59,chironomidae,NA,0.135108006,1.164055292,no heated,fish,no heated_fish,M = aL^b,0.001123,2.7264,1.6751746953815068,0.3350349390763014,-1.093520456845341,-2.001680775964227,2.2291272353527134,-0.11025529073530715
336,5,25,fish,14.227,chironomidae,NA,0.260425576,1.153113332,no heated,fish,no heated_fish,M = aL^b,0.001123,2.7264,1.5639682898209155,0.3127936579641831,-1.162211545567088,-1.3454381553448471,2.1604361466309663,0.5459873298840727
337,5,25,fish,4.708,odonata,NA,0.154688876,0.672836454,no heated,fish,no heated_fish,M = aL^b,0.007720833333333333,2.779958333333333,0.572956281837922,0.11459125636758441,-2.166383774579237,-1.8663394309051557,1.1562639176188174,0.025086054323764095
338,5,25,fish,9.266,chironomidae,NA,0.137066093,0.966892296,no heated,fish,no heated_fish,M = aL^b,0.001123,2.7264,0.48586421303667654,0.09717284260733532,-2.331264003598245,-1.9872920388293338,0.9913836885998095,-0.09586655360041396
339,5,25,fish,12.528,chironomidae,NA,0.142940354,1.097881745,no heated,fish,no heated_fish,M = aL^b,0.001123,2.7264,1.1057184213973137,0.22114368427946274,-1.5089426336129645,-1.9453278406297778,1.8137050585850898,-0.05390235540085797
340,5,25,fish,12.437,chironomidae,NA,0.084197743,1.094715634,no heated,fish,no heated_fish,M = aL^b,0.001123,2.7264,1.0839580167860126,0.21679160335720252,-1.5288187400688704,-2.4745871633187755,1.793828952129184,-0.5831616780898556
341,5,25,fish,10.286,chironomidae,NA,0.060700698,1.01224652,no heated,fish,no heated_fish,M = aL^b,0.001123,2.7264,0.6459050325496797,0.12918100650993594,-2.0465407068774635,-2.801800081806523,1.2761069853205909,-0.9103745965776031
342,5,25,fish,4.753,chironomidae,NA,0.01958087,0.676967814,no heated,fish,no heated_fish,M = aL^b,0.001123,2.7264,0.07871632409451174,0.01574326481890235,-4.151342635716395,-3.9332022097718986,-0.8286949435183404,-2.041776724542979
343,5,25,fish,11.745,chironomidae,NA,0.121401396,1.069853021,no heated,fish,no heated_fish,M = aL^b,0.001123,2.7264,0.9273144622535485,0.1854628924507097,-1.684900457642439,-2.1086529012465776,1.6377472345556154,-0.21722741601765772
344,5,25,fish,2.433,chironomidae,NA,0.005874261,0.386142109,no heated,fish,no heated_fish,M = aL^b,0.001123,2.7264,0.01268111970225122,0.0025362239404502444,-5.9770789417118335,-5.137175014097834,-2.654431249513779,-3.245749528868914
345,5,25,fish,5.918,chironomidae,NA,0.046994089,0.772174961,no heated,fish,no heated_fish,M = aL^b,0.001123,2.7264,0.14309931981291088,0.028619863962582176,-3.553654258094263,-3.057733451138726,-0.23100656589620883,-1.1663079659098063
427,5,25,fish,9.21,chironomidae,NA,0.162521224,0.96425963,no heated,fish,no heated_fish,M = aL^b,0.001123,2.7264,0.4779001997339166,0.09558003994678332,-2.347791267891395,-1.8169466765102187,0.9748564243066595,0.07447880871870116
428,5,25,fish,7.48,chironomidae,NA,0.231054271,0.873901598,no heated,fish,no heated_fish,M = aL^b,0.001123,2.7264,0.2710098480339185,0.054201969606783695,-2.915038031588249,-1.4651026566603416,0.4076096606098054,0.4263228285685783
429,5,25,fish,3.073,chironomidae,NA,0.013706609,0.48756256,no heated,fish,no heated_fish,M = aL^b,0.001123,2.7264,0.023970126199641676,0.004794025239928335,-5.340384878084277,-4.289877153710631,-2.0177371858862223,-2.3984516684817105
430,5,25,fish,8.782,chironomidae,NA,0.246718967,0.943593433,no heated,fish,no heated_fish,M = aL^b,0.001123,2.7264,0.4197521133289807,0.08395042266579615,-2.4775288607387282,-1.3995053755484927,0.8451188314593261,0.4919201096804271
346,5,25,fish,3.05,chironomidae,NA,0.088113917,0.484299839,no heated,fish,no heated_fish,M = aL^b,0.001123,2.7264,0.023484149598696692,0.004696829919739339,-5.360867482995417,-2.429124790297734,-2.0382197907973625,-0.5376993050688144
347,5,25,fish,2.863,chironomidae,NA,0.031329393,0.456821348,no heated,fish,no heated_fish,M = aL^b,0.001123,2.7264,0.01976320973200985,0.00395264194640197,-5.533371076457329,-3.463198548607255,-2.210723384259275,-1.5717730633783351
348,5,25,fish,6.442,chironomidae,NA,0.123359484,0.80902072,no heated,fish,no heated_fish,M = aL^b,0.001123,2.7264,0.18034074049250368,0.03606814809850074,-3.3223451272616145,-2.0926525520552435,3.0256493643987525e-4,-0.20122706682632363
349,5,25,fish,2.839,chironomidae,NA,0.011748522,0.453165393,no heated,fish,no heated_fish,M = aL^b,0.001123,2.7264,0.019314785188052044,0.003862957037610409,-5.556322316868921,-4.4440278335378895,-2.2336746246708667,-2.5526023483089695
350,5,25,fish,5.761,chironomidae,NA,0.1057367,0.760497875,no heated,fish,no heated_fish,M = aL^b,0.001123,2.7264,0.13298454241845545,0.02659690848369109,-3.6269602923664603,-2.2468032372867612,-0.304312600168406,-0.3553777520578414
351,5,25,fish,6.574,chironomidae,NA,0.121401396,0.8178297,no heated,fish,no heated_fish,M = aL^b,0.001123,2.7264,0.19059462535325478,0.038118925070650955,-3.267044399160067,-2.1086529012465776,0.05560329303798728,-0.21722741601765772
352,5,25,fish,7.365,chironomidae,NA,0.168395485,0.867172751,no heated,fish,no heated_fish,M = aL^b,0.001123,2.7264,0.25980023829047616,0.05196004765809523,-2.9572801699727833,-1.7814399886972319,0.365367522225271,0.10998549653168799
353,5,25,fish,5.592,chironomidae,NA,0.13902418,0.747567163,no heated,fish,no heated_fish,M = aL^b,0.001123,2.7264,0.1226159221762584,0.024523184435251682,-3.7081363054146648,-1.9731074041456487,-0.38548861321661043,-0.08168191891672882
354,5,25,fish,4.534,chironomidae,NA,0.027413219,0.656481516,no heated,fish,no heated_fish,M = aL^b,0.001123,2.7264,0.06921671132202929,0.01384334226440586,-4.2799508648544675,-3.5967299366719336,-0.9573031726564132,-1.7053044514430138
79,7,25,fish,2.529,chironomidae,NA,0.031169549,0.402948829,no heated,fish,no heated_fish,M = aL^b,0.001123,2.7264,0.014092220975304149,0.00281844419506083,-5.871570250155837,-3.468313654348313,-2.5489225579577823,-1.5768881691193932
80,7,25,fish,2.529,NA,NA,0.038362522,0.402948829,no heated,fish,no heated_fish,M = aL^b,0.021407571069767442,2.737481395348837,0.2714140453323561,0.05428280906647122,-2.913547693945698,-3.260674285559744,0.4090999982523562,-1.3692488003308243
81,7,25,fish,2.097,chironomidae,NA,0.00959063,0.32159843,no heated,fish,no heated_fish,M = aL^b,0.001123,2.7264,0.008456403885307082,0.0016912807770614166,-6.382269180825835,-4.646968698813852,-3.059621488627781,-2.7555432135849323
82,7,25,fish,1.915,chironomidae,NA,0.011988288,0.282168778,no heated,fish,no heated_fish,M = aL^b,0.001123,2.7264,0.0066021397570441885,0.0013204279514088379,-6.629799389314385,-4.423825105792268,-3.307151697116331,-2.532399620563348
83,7,25,fish,3.262,chironomidae,NA,0.052748467,0.513483957,no heated,fish,no heated_fish,M = aL^b,0.001123,2.7264,0.028206059377470026,0.0056412118754940056,-5.177656365012263,-2.9422205686596326,-1.8550086728142086,-1.0507950834307127
84,7,25,fish,2.473,chironomidae,NA,0.007192973,0.393224116,no heated,fish,no heated_fish,M = aL^b,0.001123,2.7264,0.013257632831278636,0.0026515265662557276,-5.93261974210644,-4.934650701753344,-2.609972049908386,-3.043225216524424
85,7,25,fish,3.182,chironomidae,NA,0.038362522,0.502700175,no heated,fish,no heated_fish,M = aL^b,0.001123,2.7264,0.02635976379025496,0.0052719527580509925,-5.245354442738053,-3.260674285559744,-1.9227067505399988,-1.3692488003308243
86,7,25,fish,3.914,chironomidae,NA,0.182221978,0.592620821,no heated,fish,no heated_fish,M = aL^b,0.001123,2.7264,0.04635548865231353,0.009271097730462707,-4.680853488889532,-1.7025296757449129,-1.358205796691478,0.18889580948400697
87,7,25,fish,4.13,chironomidae,NA,0.103099277,0.615950052,no heated,fish,no heated_fish,M = aL^b,0.001123,2.7264,0.05366683420411744,0.010733366840823488,-4.534397993288904,-2.2720629005929287,-1.2117503010908495,-0.38063741536400886
88,7,25,fish,3.468,chironomidae,NA,0.100701619,0.540079089,no heated,fish,no heated_fish,M = aL^b,0.001123,2.7264,0.033331233341857745,0.00666624666837155,-5.01069829582509,-2.295593401929066,-1.688050603627036,-0.40416791670014596
89,7,25,fish,4.701,chironomidae,NA,0.172129512,0.672190251,no heated,fish,no heated_fish,M = aL^b,0.001123,2.7264,0.07639048319656759,0.015278096639313518,-4.181335068492641,-1.7595081087692608,-0.8586873762945864,0.13191737645965906
90,7,25,fish,2.414,chironomidae,NA,0.051912075,0.382737266,no heated,fish,no heated_fish,M = aL^b,0.001123,2.7264,0.0124129394704438,0.00248258789408876,-5.998453757197884,-2.958203856911655,-2.67580606499983,-1.0667783716827353
91,7,25,fish,6.607,chironomidae,NA,0.096993614,0.820004307,no heated,fish,no heated_fish,M = aL^b,0.001123,2.7264,0.19321440342362634,0.03864288068472527,-3.253392720534549,-2.3331101376975227,0.06925497166350514,-0.4416846524686029
92,7,25,fish,5.65,chironomidae,NA,0.07923422,0.752048448,no heated,fish,no heated_fish,M = aL^b,0.001123,2.7264,0.12611439023138726,0.025222878046277455,-3.6800038373402066,-2.5353470027703557,-0.3573561451421523,-0.6439215175414359
93,7,25,fish,5.052,chironomidae,NA,0.117485222,0.703463342,no heated,fish,no heated_fish,M = aL^b,0.001123,2.7264,0.09296130496020788,0.018592260992041577,-3.9850098605431814,-2.141442723520426,-0.6623621683451271,-0.250017238291506
94,7,25,fish,4.329,chironomidae,NA,0.153004011,0.636387586,no heated,fish,no heated_fish,M = aL^b,0.001123,2.7264,0.06101363086447444,0.01220272617289489,-4.406095895411014,-1.8772911422470522,-1.08344820321296,0.014134342981867665
95,7,25,fish,5.279,chironomidae,NA,0.081966434,0.722551662,no heated,fish,no heated_fish,M = aL^b,0.001123,2.7264,0.10479597619191493,0.020959195238382987,-3.8651778153817227,-2.5014454569843854,-0.5425301231836683,-0.6100199717554655
96,7,25,fish,3.909,chironomidae,NA,0.071037576,0.59206567,no heated,fish,no heated_fish,M = aL^b,0.001123,2.7264,0.04619421593497448,0.009238843186994895,-4.684338597378918,-2.644546302502,-1.3616909051808639,-0.7531208172730801
97,7,25,fish,3.787,chironomidae,NA,0.068305362,0.578295305,no heated,fish,no heated_fish,M = aL^b,0.001123,2.7264,0.042368596336182805,0.008473719267236562,-4.770785756045377,-2.683767008898294,-1.4481380638473222,-0.7923415236693743
98,7,25,fish,4.48,chironomidae,NA,0.155736225,0.651278014,no heated,fish,no heated_fish,M = aL^b,0.001123,2.7264,0.0669921835756022,0.013398436715120442,-4.3126172418816475,-1.8595915682435453,-0.9899695496835932,0.03183391698537452
99,7,25,fish,11.005,chironomidae,NA,0.295145803,1.041590047,no heated,fish,no heated_fish,M = aL^b,0.001123,2.7264,0.7765525677890991,0.15531051355781983,-1.8623288527427533,-1.2202857972847347,1.460318839455301,0.6711396879441851
100,7,25,fish,8.005,chironomidae,NA,0.183391567,0.903361336,no heated,fish,no heated_fish,M = aL^b,0.001123,2.7264,0.3260649395863739,0.06521298791727478,-2.7300966287022552,-1.6961317016782391,0.5925510634957991,0.19529378355068072
101,7,25,fish,9.055,chironomidae,NA,0.203450019,0.956888455,no heated,fish,no heated_fish,M = aL^b,0.001123,2.7264,0.45628946216508703,0.0912578924330174,-2.3940657978431603,-1.5923349111454033,0.928581894354894,0.2990905740835166
102,7,25,fish,8.498,chironomidae,NA,0.126081702,0.929316727,no heated,fish,no heated_fish,M = aL^b,0.001123,2.7264,0.38376810715119847,0.0767536214302397,-2.5671547088691726,-2.0708251535982014,0.7554929833288817,-0.17939966836928156
103,7,25,fish,9.8,chironomidae,NA,0.111754236,0.991226076,no heated,fish,no heated_fish,M = aL^b,0.001123,2.7264,0.5660548672248712,0.11321097344497424,-2.17850217935145,-2.191453140166606,1.1441455128466043,-0.30002765493768613
104,7,25,fish,7.965,chironomidae,NA,0.114619729,0.90118578,no heated,fish,no heated_fish,M = aL^b,0.001123,2.7264,0.32164193578283223,0.064328387156566455,-2.743754265277742,-2.166135334195663,0.5788934269203123,-0.274709848966743
105,7,25,fish,5.389,chironomidae,NA,0.123216209,0.731508184,no heated,fish,no heated_fish,M = aL^b,0.001123,2.7264,0.11085713948103161,0.022171427896206325,-3.808950850742944,-2.093814669978397,-0.4863031585448896,-0.20238918474947698
106,7,25,fish,9.89,chironomidae,NA,0.143274661,0.995196292,no heated,fish,no heated_fish,M = aL^b,0.001123,2.7264,0.5803405616125049,0.11606811232250099,-2.1535780850017012,-1.9429917846263534,1.1690696071963531,-0.05156629939743351
107,7,25,fish,10.316,chironomidae,NA,0.154736634,1.013511333,no heated,fish,no heated_fish,M = aL^b,0.001123,2.7264,0.6510540664428992,0.13021081328857984,-2.0386005012846615,-1.8660307427147138,1.2840471909133928,0.025394742514206037
108,7,25,fish,8.902,chironomidae,NA,0.103157756,0.94948759,no heated,fish,no heated_fish,M = aL^b,0.001123,2.7264,0.43557477553689117,0.08711495510737824,-2.44052670943337,-2.271495850822878,0.8821209827646843,-0.38007036559395835
109,7,25,fish,7.951,chironomidae,NA,0.210870912,0.900421753,no heated,fish,no heated_fish,M = aL^b,0.001123,2.7264,0.32010291193906365,0.06402058238781273,-2.7485506475150254,-1.5565091241960298,0.5740970446830289,0.33491636103289
110,7,25,fish,7.495,chironomidae,NA,0.216895795,0.874771637,no heated,fish,no heated_fish,M = aL^b,0.001123,2.7264,0.2724941278853864,0.05449882557707728,-2.909576126589576,-1.5283382481514352,0.41307156560847824,0.3630872370774847
111,7,25,fish,8.652,chironomidae,NA,0.198821146,0.937116511,no heated,fish,no heated_fish,M = aL^b,0.001123,2.7264,0.40302706440131636,0.08060541288026328,-2.5181894744011406,-1.6153496222071047,0.8044582177969137,0.2760758630218152
112,7,25,fish,8.333,chironomidae,NA,0.09338569,0.920801382,no heated,fish,no heated_fish,M = aL^b,0.001123,2.7264,0.3637915805237912,0.07275831610475823,-2.620612068745181,-2.371017157476931,0.7020356234528733,-0.47959167224801136
113,7,25,fish,8.623,chironomidae,NA,0.123510106,0.935658386,no heated,fish,no heated_fish,M = aL^b,0.001123,2.7264,0.3993546817210784,0.07987093634421569,-2.5273432427684126,-2.0914322963024796,0.7953044494296417,-0.20000681107355978
114,7,25,fish,5.229,chironomidae,NA,0.05723639,0.718418642,no heated,fish,no heated_fish,M = aL^b,0.001123,2.7264,0.10211189627203777,0.020422379254407555,-3.8911239571463105,-2.860565394067509,-0.5684762649482562,-0.9691399088385892
115,7,25,fish,2.74,chironomidae,NA,0.042174182,0.437750563,no heated,fish,no heated_fish,M = aL^b,0.001123,2.7264,0.017533268790784387,0.0035066537581568778,-5.653093041481428,-3.1659470461146055,-2.330445349283374,-1.2745215608856857
116,7,25,fish,6.741,chironomidae,NA,0.051211507,0.828724327,no heated,fish,no heated_fish,M = aL^b,0.001123,2.7264,0.20408625751866177,0.04081725150373236,-3.198650455966014,-2.971791026094545,0.12399723623204029,-1.080365540865625
117,7,25,fish,7.356,chironomidae,NA,0.030124416,0.866641721,no heated,fish,no heated_fish,M = aL^b,0.001123,2.7264,0.2589355876552999,0.05178711753105998,-2.960613856958339,-3.502419273251343,0.36203383523971544,-1.6109937880224232
118,7,25,fish,7.34,chironomidae,NA,0.138572314,0.86569606,no heated,fish,no heated_fish,M = aL^b,0.001123,2.7264,0.25740293466783903,0.05148058693356781,-2.9665504951232484,-1.9763629668697142,0.3560971970748059,-0.0849374816407944
199,20,25,fish,9.934,chironomidae,NA,0.218522514,0.997124156,no heated,fish,no heated_fish,M = aL^b,0.001123,2.7264,0.587406914303892,0.11748138286077842,-2.1414754016895143,-1.5208662308530334,1.18117229050854,0.37055925437588644
200,20,25,fish,9.363,chironomidae,NA,0.157430198,0.971415023,no heated,fish,no heated_fish,M = aL^b,0.001123,2.7264,0.4998568822211096,0.09997137644422192,-2.3028713695250427,-1.8487731062545547,1.0197763226730117,0.042652378974365135
201,20,25,fish,9.099,chironomidae,NA,0.133933154,0.958993665,no heated,fish,no heated_fish,M = aL^b,0.001123,2.7264,0.4623598185238387,0.09247196370476773,-2.380849775489948,-2.0104144542449234,0.9417979167081065,-0.11898896901600353
202,20,25,fish,5.589,odonata,NA,0.246718967,0.74733411,no heated,fish,no heated_fish,M = aL^b,0.007720833333333333,2.779958333333333,0.9230428518457398,0.18460857036914796,-1.6895175312892947,-1.3995053755484927,1.6331301609087596,0.4919201096804271
203,20,25,fish,10.633,chironomidae,NA,0.143331971,1.026655814,no heated,fish,no heated_fish,M = aL^b,0.001123,2.7264,0.7070565783157243,0.14141131566314488,-1.9560825028153086,-1.942591863658971,1.3665651893827457,-0.05116637843005112
204,20,25,fish,10.364,chironomidae,NA,0.129233745,1.015527404,no heated,fish,no heated_fish,M = aL^b,0.001123,2.7264,0.6593464487026649,0.131869289740533,-2.025944076235023,-2.046132537525767,1.2967036159630312,-0.15470705229684723
205,20,25,fish,14.266,chironomidae,NA,0.101037291,1.15430222,no heated,fish,no heated_fish,M = aL^b,0.001123,2.7264,1.5756847362883337,0.3151369472576668,-1.1547479814353518,-2.2922656124632224,2.1678997107627023,-0.4008401272343025
206,20,25,fish,9.235,chironomidae,NA,0.166829016,0.9654369,no heated,fish,no heated_fish,M = aL^b,0.001123,2.7264,0.48144526502447427,0.09628905300489486,-2.3404006426012907,-1.790785847351694,0.9822470495967637,0.10063963787722585
207,20,25,fish,9.323,chironomidae,NA,0.122184631,0.969555684,no heated,fish,no heated_fish,M = aL^b,0.001123,2.7264,0.49405622277133343,0.0988112445542667,-2.3145438694263243,-2.102222009385024,1.00810382277173,-0.21079652415610428
208,20,25,fish,12.12,chironomidae,NA,0.12688404,1.08350262,no heated,fish,no heated_fish,M = aL^b,0.001123,2.7264,1.01027893783138,0.20205578756627599,-1.59921144363985,-2.064481680492807,1.7234362485582044,-0.17305619526388694
209,20,25,fish,8.424,chironomidae,NA,0.093988178,0.925518358,no heated,fish,no heated_fish,M = aL^b,0.001123,2.7264,0.37472529312526975,0.07494505862505395,-2.5909999855588546,-2.3645862705787812,0.7316477066391998,-0.4731607853498614
210,20,25,fish,8.266,chironomidae,NA,0.08615583,0.917295401,no heated,fish,no heated_fish,M = aL^b,0.001123,2.7264,0.35587209696317523,0.07117441939263505,-2.642621803313408,-2.4515976456339317,0.6800258888846464,-0.5601721604050118
211,20,25,fish,10.63,chironomidae,NA,0.115527135,1.026533265,no heated,fish,no heated_fish,M = aL^b,0.001123,2.7264,0.7065128231374893,0.14130256462749788,-1.9568518392263767,-2.1582498415482747,1.3657958529716776,-0.26682435631935486
212,20,25,fish,8.075,chironomidae,NA,0.05286835,0.907142531,no heated,fish,no heated_fish,M = aL^b,0.001123,2.7264,0.3338974887958625,0.06677949775917251,-2.7063591653219166,-2.9399504178467066,0.6162885268761378,-1.0485249326177868
213,20,25,fish,1.9,chironomidae,NA,0.005874261,0.278753601,no heated,fish,no heated_fish,M = aL^b,0.001123,2.7264,0.0064620985049871444,0.0012924197009974289,-6.651239080399514,-5.137175014097834,-3.3285913882014597,-3.245749528868914
214,20,25,fish,9.649,chironomidae,NA,0.111610961,0.984482306,no heated,fish,no heated_fish,M = aL^b,0.001123,2.7264,0.5425906634573794,0.10851813269147588,-2.2208379983844555,-2.192736017012007,1.1018096938135988,-0.3013105317830871
215,20,25,fish,9.733,chironomidae,NA,0.137066093,0.988246723,no heated,fish,no heated_fish,M = aL^b,0.001123,2.7264,0.5555659530722863,0.11111319061445726,-2.1972058619812374,-1.9872920388293338,1.125441830216817,-0.09586655360041396
216,20,25,fish,9.609,chironomidae,NA,0.135108006,0.982678193,no heated,fish,no heated_fish,M = aL^b,0.001123,2.7264,0.5364800575861054,0.10729601151722108,-2.2321638013576868,-2.001680775964227,1.0904838908403676,-0.11025529073530715
217,20,25,fish,7.343,chironomidae,NA,0.054826437,0.865873528,no heated,fish,no heated_fish,M = aL^b,0.001123,2.7264,0.25768986831062096,0.0515379736621242,-2.9654363903607592,-2.903582774351364,0.3572113018372951,-1.0121572891224442
218,20,25,fish,7.811,chironomidae,NA,0.050910263,0.892706638,no heated,fish,no heated_fish,M = aL^b,0.001123,2.7264,0.3049686052684491,0.060993721053689824,-2.796984353652915,-2.9776907451020573,0.5256633385451392,-1.0862652598731375
219,20,25,fish,4.517,chironomidae,NA,0.035245567,0.654850091,no heated,fish,no heated_fish,M = aL^b,0.001123,2.7264,0.06851143169948586,0.013702286339897172,-4.290192573948117,-3.345415516497417,-0.9675448817500625,-1.453990031268497
220,20,25,fish,5.232,chironomidae,NA,0.061092316,0.718667735,no heated,fish,no heated_fish,M = aL^b,0.001123,2.7264,0.10227169877713312,0.020454339755426626,-3.8895602060280186,-2.795369181760634,-0.5669125138299642,-0.9039436965317142
221,20,25,fish,3.902,chironomidae,NA,0.091638473,0.591287265,no heated,fish,no heated_fish,M = aL^b,0.001123,2.7264,0.045969031692360864,0.009193806338472173,-4.689225245723344,-2.389904084564917,-1.36657755352529,-0.49847859933599703
222,20,25,fish,4.861,chironomidae,NA,0.035245567,0.686725621,no heated,fish,no heated_fish,M = aL^b,0.001123,2.7264,0.08368902140042045,0.01673780428008409,-4.0900853885881,-3.345415516497417,-0.7674376963900453,-1.453990031268497
223,20,25,fish,2.913,chironomidae,NA,0.028196453,0.464340485,no heated,fish,no heated_fish,M = aL^b,0.001123,2.7264,0.020718468697794517,0.004143693739558903,-5.486167681302628,-3.5685590890908987,-2.1635199891045733,-1.6771336038619788
224,20,25,fish,5.859,chironomidae,NA,0.049343793,0.767823498,no heated,fish,no heated_fish,M = aL^b,0.001123,2.7264,0.13924311850451687,0.027848623700903376,-3.580971732109918,-3.0089432960889826,-0.2583240399118636,-1.1175178108600627
225,20,25,fish,3.375,chironomidae,NA,0.079889951,0.528273777,no heated,fish,no heated_fish,M = aL^b,0.001123,2.7264,0.03095033701217561,0.006190067402435122,-5.0848093034216335,-2.527105203831722,-1.7621616112235792,-0.635679718602802
226,20,25,fish,5.037,chironomidae,NA,0.065791725,0.702171951,no heated,fish,no heated_fish,M = aL^b,0.001123,2.7264,0.09221070938064874,0.018442141876129747,-3.9931169137958884,-2.7212612084377215,-0.6704692215978341,-0.8298357232088016
227,20,25,fish,2.686,chironomidae,NA,0.039944976,0.429106008,no heated,fish,no heated_fish,M = aL^b,0.001123,2.7264,0.016607122048519572,0.003321424409703915,-5.707361548997239,-3.220252371874448,-2.384713856799185,-1.3288268866455282
228,20,25,fish,2.791,chironomidae,NA,0.046994089,0.445759836,no heated,fish,no heated_fish,M = aL^b,0.001123,2.7264,0.018437387121412744,0.003687477424282549,-5.602812679563401,-3.057733451138726,-2.280164987365347,-1.1663079659098063
264,20,25,fish,9.398,chironomidae,NA,0.131191832,0.973035441,no heated,fish,no heated_fish,M = aL^b,0.001123,2.7264,0.5049676792651138,0.10099353585302276,-2.2926987656442783,-2.0310946605077005,1.029948926553776,-0.13966917527878064
265,20,25,fish,7.194,chironomidae,NA,0.121401396,0.856970433,no heated,fish,no heated_fish,M = aL^b,0.001123,2.7264,0.24368227811720197,0.048736455623440395,-3.0213279535064457,-2.1086529012465776,0.30131973869160866,-0.21722741601765772
266,20,25,fish,6.668,chironomidae,NA,0.066574959,0.823995591,no heated,fish,no heated_fish,M = aL^b,0.001123,2.7264,0.19811681431711373,0.039623362863422745,-3.228336363387795,-2.70942676312912,0.09431132881025928,-0.8180012779002002
267,20,25,fish,7.568,chironomidae,NA,0.062658785,0.878981123,no heated,fish,no heated_fish,M = aL^b,0.001123,2.7264,0.2797910970195162,0.05595821940390325,-2.883149948777884,-2.7700513840067638,0.4394977434201701,-0.8786258987778439
268,20,25,fish,2,chironomidae,NA,0.007832348,0.301029996,no heated,fish,no heated_fish,M = aL^b,0.001123,2.7264,0.007432038255005991,0.0014864076510011984,-6.511393042581297,-4.849492941646053,-3.1887453503832424,-2.958067456417133
49,8,25,no_fish,3.629,chironomidae,NA,0.137066093,0.559786968,no heated,no fish,no heated_no fish,M = aL^b,0.001123,2.7264,0.037720978182806196,0.0075441956365612396,-4.886976801251115,-1.9872920388293338,-1.5643291090530607,-0.09586655360041396
50,8,25,no_fish,4.756,chironomidae,NA,0.187976356,0.677241846,no heated,no fish,no heated_no fish,M = aL^b,0.001123,2.7264,0.07885185689405534,0.015770371378811068,-4.149622328581812,-1.6714390900188358,-0.826974636383758,0.219986395210084
51,8,25,no_fish,2.971,chironomidae,NA,0.148814615,0.472902652,no heated,no fish,no heated_no fish,M = aL^b,0.001123,2.7264,0.021862586769285194,0.004372517353857039,-5.4324163822155755,-1.9050539423203026,-2.109768690017521,-0.013628457091382717
52,8,25,no_fish,4.807,chironomidae,NA,0.164479311,0.681874122,no heated,no fish,no heated_no fish,M = aL^b,0.001123,2.7264,0.08117856366206874,0.01623571273241375,-4.120541973410735,-1.8049704856832545,-0.797894281212681,0.08645499954566538
53,8,25,no_fish,3.872,chironomidae,NA,0.187976356,0.587935349,no heated,no fish,no heated_no fish,M = aL^b,0.001123,2.7264,0.04501183215775723,0.009002366431551447,-4.7102677993687,-1.6714390900188358,-1.3876201071706458,0.219986395210084
54,8,25,no_fish,4.034,chironomidae,NA,0.160563137,0.605735894,no heated,no fish,no heated_no fish,M = aL^b,0.001123,2.7264,0.05033361203730101,0.010066722407460203,-4.598520106119832,-1.8290680368174521,-1.2758724139217774,0.06235744841146773
55,8,25,no_fish,4.429,chironomidae,NA,0.070491133,0.64630568,no heated,no fish,no heated_no fish,M = aL^b,0.001123,2.7264,0.06493331317382799,0.012986662634765597,-4.343832399340622,-2.6522683501236526,-1.0211847071425675,-0.7608428648947327
56,8,25,no_fish,3.029,chironomidae,NA,0.082239656,0.481299273,no heated,no fish,no heated_no fish,M = aL^b,0.001123,2.7264,0.02304592239346878,0.004609184478693756,-5.37970434029217,-2.4981176601634076,-2.0570566480941155,-0.6066921749344878
57,8,25,no_fish,4.014,chironomidae,NA,0.195808704,0.603577368,no heated,no fish,no heated_no fish,M = aL^b,0.001123,2.7264,0.049656155545927026,0.009931231109185406,-4.612070829839858,-1.6306170963497515,-1.289423137641804,0.26080838887916835
58,8,25,no_fish,4.735,chironomidae,NA,0.258467489,0.675319983,no heated,no fish,no heated_no fish,M = aL^b,0.001123,2.7264,0.0779062246445138,0.015581244928902761,-4.161687336153975,-1.3529853608347806,-0.8390396439559202,0.5384401243941392
59,8,25,no_fish,2.582,chironomidae,NA,0.016783603,0.411956238,no heated,no fish,no heated_no fish,M = aL^b,0.001123,2.7264,0.014912046297046505,0.0029824092594093014,-5.815023828793909,-4.0873528810874475,-2.4923761365958548,-2.1959273958585275
60,8,25,no_fish,4.525,chironomidae,NA,0.222982157,0.655618584,no heated,no fish,no heated_no fish,M = aL^b,0.001123,2.7264,0.06884275825100679,0.013768551650201358,-4.28536815331302,-1.5006635241761803,-0.9627204611149658,0.3907619610527395
61,8,25,no_fish,1.864,chironomidae,NA,0.023976576,0.270445908,no heated,no fish,no heated_no fish,M = aL^b,0.001123,2.7264,0.006133713404653056,0.0012267426809306112,-6.703392849239399,-3.7306779252323232,-3.3807451570413445,-1.8392524400034034
62,8,25,no_fish,2.843,chironomidae,NA,0.031169549,0.45377686,no heated,no fish,no heated_no fish,M = aL^b,0.001123,2.7264,0.0193890703549721,0.0038778140709944207,-5.552483667871544,-3.468313654348313,-2.22983597567349,-1.5768881691193932
63,8,25,no_fish,4.362,chironomidae,NA,0.155847744,0.639685661,no heated,no fish,no heated_no fish,M = aL^b,0.001123,2.7264,0.06229005912096886,0.012458011824193774,-4.385391343026074,-1.8588757483307317,-1.0627436508280192,0.032549736898188186
65,8,25,no_fish,4.549,chironomidae,NA,0.196607923,0.657915937,no heated,no fish,no heated_no fish,M = aL^b,0.001123,2.7264,0.06984282002341252,0.013968564004682505,-4.27094590235797,-1.6265437719793687,-0.9482982101599156,0.2648817132495511
66,8,25,no_fish,5.344,chironomidae,NA,0.225379814,0.727866449,no heated,no fish,no heated_no fish,M = aL^b,0.001123,2.7264,0.10835147906595986,0.021670295813191975,-3.8318128127106137,-1.4899682377311467,-0.5091651205125594,0.4014572474977731
67,8,25,no_fish,1.812,chironomidae,NA,0.011988288,0.258158193,no heated,no fish,no heated_no fish,M = aL^b,0.001123,2.7264,0.005678351264225488,0.0011356702528450976,-6.780532271202616,-4.423825105792268,-3.4578845790045616,-2.532399620563348
68,8,25,no_fish,1.934,chironomidae,NA,0.033567206,0.28645647,no heated,no fish,no heated_no fish,M = aL^b,0.001123,2.7264,0.006782263760625038,0.0013564527521250076,-6.6028822571943335,-3.3942057005275026,-3.280234564996279,-1.5027802152985827
68,8,25,no_fish,6.527,chironomidae,NA,0.140982267,0.814713613,no heated,no fish,no heated_no fish,M = aL^b,0.001123,2.7264,0.18690243088149372,0.037380486176298744,-3.286606470717773,-1.9591211624706169,0.036041221480281216,-0.067695677241697
68,8,25,no_fish,7.815,chironomidae,NA,0.255856707,0.892928982,no heated,no fish,no heated_no fish,M = aL^b,0.001123,2.7264,0.30539458606225633,0.06107891721245127,-2.7955885261553846,-1.3631377294957774,0.5270591660426698,0.5282877557331425
68,8,25,no_fish,6.567,chironomidae,NA,0.180144008,0.817367016,no heated,no fish,no heated_no fish,M = aL^b,0.001123,2.7264,0.19004182373364545,0.03800836474672909,-3.269949018565762,-1.713998703512446,0.052698673632292525,0.17742678171647386
68,8,25,no_fish,4.098,chironomidae,NA,0.11487444,0.612571954,no heated,no fish,no heated_no fish,M = aL^b,0.001123,2.7264,0.05254070934308236,0.010508141868616473,-4.555604906239658,-2.163915573182151,-1.2329572140416039,-0.27249008795323104
68,8,25,no_fish,5.533,chironomidae,NA,0.122706788,0.74296067,no heated,no fish,no heated_no fish,M = aL^b,0.001123,2.7264,0.11912083459112363,0.023824166918224726,-3.7370547967594234,-2.097957606872082,-0.4144071045613691,-0.20653212164316215
68,8,25,no_fish,5.539,chironomidae,NA,0.138371484,0.743431365,no heated,no fish,no heated_no fish,M = aL^b,0.001123,2.7264,0.11947334692865022,0.023894669385730045,-3.7340998831753756,-1.9778132974902478,-0.4114521909773212,-0.08638781226132797
68,8,25,no_fish,3.858,chironomidae,NA,0.185365573,0.586362223,no heated,no fish,no heated_no fish,M = aL^b,0.001123,2.7264,0.04456949588253441,0.008913899176506881,-4.7201435152120155,-1.6854253334921159,-1.3974958230139611,0.20600015173680397
68,8,25,no_fish,2.675,chironomidae,NA,0.133149919,0.427323786,no heated,no fish,no heated_no fish,M = aL^b,0.001123,2.7264,0.016422350893450666,0.0032844701786901333,-5.718549925079226,-2.0162795750588436,-2.3959022328811717,-0.12485408982992374
68,8,25,no_fish,5.14,chironomidae,NA,0.104431309,0.710963119,no heated,no fish,no heated_no fish,M = aL^b,0.001123,2.7264,0.0974427661322431,0.019488553226448622,-3.937927999800902,-2.2592257538569913,-0.6152803076028475,-0.36780026862807147
78,8,25,no_fish,4.208,chironomidae,NA,0.133149919,0.624075731,no heated,no fish,no heated_no fish,M = aL^b,0.001123,2.7264,0.05647546684852643,0.011295093369705286,-4.483386862632833,-2.0162795750588436,-1.1607391704347787,-0.12485408982992374
159,8,25,no_fish,12.003,chironomidae,NA,0.131871168,1.079289806,no heated,no fish,no heated_no fish,M = aL^b,0.001123,2.7264,0.9839102470577868,0.19678204941155739,-1.6256585108637298,-2.025929832993898,1.6969891813343245,-0.1345043477649781
160,8,25,no_fish,13.752,chironomidae,NA,0.158245402,1.138365864,no heated,no fish,no heated_no fish,M = aL^b,0.001123,2.7264,1.4256747141390544,0.2851349428278109,-1.254792727165125,-1.8436082736722237,2.0678549650329296,0.04781721155669616
161,8,25,no_fish,12.267,chironomidae,NA,0.251754048,1.088738365,no heated,no fish,no heated_no fish,M = aL^b,0.001123,2.7264,1.0440373492708344,0.20880746985416687,-1.5663426484499348,-1.3793026680688454,1.7563050437481196,0.5121228171600745
162,8,25,no_fish,12.691,chironomidae,NA,0.17023369,1.103495844,no heated,no fish,no heated_no fish,M = aL^b,0.001123,2.7264,1.1453832444852667,0.22907664889705337,-1.4736986200903976,-1.7705831388353424,1.8489490721076567,0.1208423463935775
163,8,25,no_fish,11.419,chironomidae,NA,0.143859456,1.057628073,no heated,no fish,no heated_no fish,M = aL^b,0.001123,2.7264,0.8588096868471112,0.17176193736942225,-1.7616458459606565,-1.9389184560042683,1.5610018462373978,-0.04749297077534842
164,8,25,no_fish,3.532,chironomidae,NA,0.088713331,0.548020695,no heated,no fish,no heated_no fish,M = aL^b,0.001123,2.7264,0.03503510140547937,0.007007020281095875,-4.960842735192923,-2.422345107836597,-1.6381950429948686,-0.5309196226076771
165,8,25,no_fish,3.944,chironomidae,NA,0.153450086,0.595936906,no heated,no fish,no heated_no fish,M = aL^b,0.001123,2.7264,0.04733061390092433,0.009466122780184867,-4.660035876930935,-1.8743799374734078,-1.3373881847328803,0.017045547755512036
166,8,25,no_fish,2.983,chironomidae,NA,0.122280538,0.474653253,no heated,no fish,no heated_no fish,M = aL^b,0.001123,2.7264,0.022104178866718362,0.004420835773343673,-5.421426511775819,-2.1014373822308765,-2.098778819577765,-0.21001189700195666
167,8,25,no_fish,4.345,chironomidae,NA,0.074327386,0.637989781,no heated,no fish,no heated_no fish,M = aL^b,0.001123,2.7264,0.06163041534748781,0.012326083069497562,-4.396037687092933,-2.5992758083596263,-1.073389994894879,-0.7078503231307065
168,8,25,no_fish,4.504,chironomidae,NA,0.083918016,0.653598382,no heated,no fish,no heated_no fish,M = aL^b,0.001123,2.7264,0.06797518285413992,0.013595036570827985,-4.2980505108808735,-2.477914956736955,-0.9754028186828192,-0.5864894715080353
431,13,25,no_fish,9.891,chironomidae,NA,0.293713056,0.995240202,no heated,no fish,no heated_no fish,M = aL^b,0.001123,2.7264,0.5805005594495768,0.11610011188991537,-2.1533024265413276,-1.2251519882415873,1.1693452656567267,0.6662734969873325
432,13,25,no_fish,7.773,chironomidae,NA,0.17231166,0.890588668,no heated,no fish,no heated_no fish,M = aL^b,0.001123,2.7264,0.3009405427511802,0.06018810855023604,-2.810280478567559,-1.7584504650739863,0.5123672136304953,0.13297502015493357
433,13,25,no_fish,7.617,chironomidae,NA,0.240844706,0.881783956,no heated,no fish,no heated_no fish,M = aL^b,0.001123,2.7264,0.2847577369324573,0.05695154738649147,-2.86555441849246,-1.4236029266332613,0.45709327370559416,0.4678225585956586
434,13,25,no_fish,4.182,chironomidae,NA,0.109652874,0.621384028,no heated,no fish,no heated_no fish,M = aL^b,0.001123,2.7264,0.05552916864919864,0.01110583372983973,-4.500284747475968,-2.210435593791419,-1.1776370552779136,-0.31901010856249923
435,13,25,no_fish,9.919,chironomidae,NA,0.319168188,0.99646789,no heated,no fish,no heated_no fish,M = aL^b,0.001123,2.7264,0.5849918454988424,0.11699836909976849,-2.1455952835997523,-1.1420370800271713,1.177052408598302,0.7493884052017485
355,13,25,no_fish,10.48,chironomidae,NA,0.082239656,1.020361283,no heated,no fish,no heated_no fish,M = aL^b,0.001123,2.7264,0.6796616371407639,0.13593232742815278,-1.9955981095263393,-2.4981176601634076,1.327049582671715,-0.6066921749344878
356,13,25,no_fish,11.052,chironomidae,NA,0.133149919,1.043440876,no heated,no fish,no heated_no fish,M = aL^b,0.001123,2.7264,0.7856280141530158,0.15712560283060317,-1.8507097754483572,-2.0162795750588436,1.471937916749697,-0.12485408982992374
357,13,25,no_fish,9.698,chironomidae,NA,0.095946265,0.98668218,no heated,no fish,no heated_no fish,M = aL^b,0.001123,2.7264,0.5501359820276887,0.11002719640553774,-2.207027703698162,-2.3439669838103163,1.1156199884998923,-0.4525414985813965
358,13,25,no_fish,9.842,chironomidae,NA,0.13902418,0.993083361,no heated,no fish,no heated_no fish,M = aL^b,0.001123,2.7264,0.5726934695593118,0.11453869391186236,-2.166842574981192,-1.9731074041456487,1.1558051172168624,-0.08168191891672882
359,13,25,no_fish,1.925,chironomidae,NA,0.035245567,0.284430734,no heated,no fish,no heated_no fish,M = aL^b,0.001123,2.7264,0.006696559146139275,0.001339311829227855,-6.6155993572142835,-3.345415516497417,-3.292951665016229,-1.453990031268497
360,13,25,no_fish,10.897,chironomidae,NA,0.174269747,1.037306951,no heated,no fish,no heated_no fish,M = aL^b,0.001123,2.7264,0.7559506193475032,0.15119012386950065,-1.8892171356934475,-1.7471509100808815,1.4334305565046068,0.14427457514803832
361,13,25,no_fish,11.493,chironomidae,NA,0.093988178,1.060433407,no heated,no fish,no heated_no fish,M = aL^b,0.001123,2.7264,0.8740683531613965,0.17481367063227932,-1.7440346115402459,-2.3645862705787812,1.5786130806578085,-0.4731607853498614
362,13,25,no_fish,11.772,chironomidae,NA,0.111610961,1.070850253,no heated,no fish,no heated_no fish,M = aL^b,0.001123,2.7264,0.9331380251973661,0.18662760503947323,-1.6786400645358197,-2.192736017012007,1.6440076276622346,-0.3013105317830871
363,13,25,no_fish,9.762,chironomidae,NA,0.152730789,0.989538803,no heated,no fish,no heated_no fish,M = aL^b,0.001123,2.7264,0.5600906846897256,0.11201813693794511,-2.1890944838514756,-1.8790784564339473,1.1335532083465787,0.012347028794972514
364,13,25,no_fish,9.795,ceratopogonidae,NA,0.160563137,0.99100444,no heated,no fish,no heated_no fish,M = aL^b,0.0032,2.4026666666666667,0.7694905906233902,0.15389811812467805,-1.8714644661218893,-1.8290680368174521,1.451183226076165,0.06235744841146773
365,13,25,no_fish,5.861,chironomidae,NA,0.166437398,0.767971721,no heated,no fish,no heated_no fish,M = aL^b,0.001123,2.7264,0.1393727461915597,0.02787454923831194,-3.5800412201554934,-1.7931360282508326,-0.2573935279574391,0.09828945697808722
366,13,25,no_fish,2.234,ceratopogonidae,NA,0.037203654,0.349083169,no heated,no fish,no heated_no fish,M = aL^b,0.0032,2.4026666666666667,0.022073971212790058,0.0044147942425580115,-5.422794050189343,-3.291348296720423,-2.1001463579912887,-1.3999228114915032
367,13,25,no_fish,2.55,ceratopogonidae,NA,0.01958087,0.40654018,no heated,no fish,no heated_no fish,M = aL^b,0.0032,2.4026666666666667,0.030334058397345997,0.0060668116794692,-5.1049220706439655,-3.9332022097718986,-1.7822743784459112,-2.041776724542979
368,13,25,no_fish,5.068,chironomidae,NA,0.178185921,0.704836606,no heated,no fish,no heated_no fish,M = aL^b,0.001123,2.7264,0.09376619210506547,0.018753238421013094,-3.976388825692007,-1.7249277738006312,-0.6537411334939525,0.16649771142828862
369,13,25,no_fish,4.963,chironomidae,NA,0.148814615,0.695744275,no heated,no fish,no heated_no fish,M = aL^b,0.001123,2.7264,0.08856394390024047,0.017712788780048096,-4.033468370355231,-1.9050539423203026,-0.7108206781571766,-0.013628457091382717
370,13,25,no_fish,3.13,chironomidae,NA,0.062658785,0.495544338,no heated,no fish,no heated_no fish,M = aL^b,0.001123,2.7264,0.025201816099649367,0.005040363219929874,-5.29027713204919,-2.7700513840067638,-1.9676294398511356,-0.8786258987778439
371,13,25,no_fish,4.68,chironomidae,NA,0.090072004,0.670245853,no heated,no fish,no heated_no fish,M = aL^b,0.001123,2.7264,0.07546369220717251,0.015092738441434503,-4.193541548747992,-2.407145884072391,-0.8708938565499373,-0.5157203988434713
372,13,25,no_fish,4.328,chironomidae,NA,0.142940354,0.636287252,no heated,no fish,no heated_no fish,M = aL^b,0.001123,2.7264,0.06097521220070916,0.012195042440141832,-4.406725767193878,-1.9453278406297778,-1.0840780749958236,-0.05390235540085797
373,13,25,no_fish,7.172,chironomidae,NA,0.125877024,0.855640281,no heated,no fish,no heated_no fish,M = aL^b,0.001123,2.7264,0.24165590847336027,0.04833118169467206,-3.0296783428825256,-2.0724498486287906,0.29296934931552876,-0.1810243633998707
374,13,25,no_fish,5.694,chironomidae,NA,0.15608751,0.755417463,no heated,no fish,no heated_no fish,M = aL^b,0.001123,2.7264,0.1288101028116602,0.02576202056233204,-3.6588539428433533,-1.8573384674742461,-0.33620625064529897,0.03408701775467371
375,13,25,no_fish,6.49,chironomidae,NA,0.186297996,0.812244697,no heated,no fish,no heated_no fish,M = aL^b,0.001123,2.7264,0.1840279115848086,0.036805582316961724,-3.3021057519158323,-1.68040775827625,0.020541940282222004,0.21101772695266985
376,13,25,no_fish,5.48,chironomidae,NA,0.149374068,0.738780558,no heated,no fish,no heated_no fish,M = aL^b,0.001123,2.7264,0.11603555154800729,0.02320711030960146,-3.7632965684027937,-1.9013015956463706,-0.44064887620473936,-0.009876110417450734
377,13,25,no_fish,8.444,chironomidae,NA,0.234970445,0.926548225,no heated,no fish,no heated_no fish,M = aL^b,0.001123,2.7264,0.37715583917605283,0.07543116783521057,-2.5845347228658984,-1.4482955387046261,0.738112969332156,0.4431299465242937
378,13,25,no_fish,7.2,chironomidae,NA,0.172871113,0.857332496,no heated,no fish,no heated_no fish,M = aL^b,0.001123,2.7264,0.24423678501092844,0.04884735700218569,-3.019055006313524,-1.7552089737040792,0.30359268588453014,0.1362165115248406
379,13,25,no_fish,7.106,chironomidae,NA,0.119163583,0.851625203,no heated,no fish,no heated_no fish,M = aL^b,0.001123,2.7264,0.23564092025995176,0.04712818405199035,-3.0548840694064667,-2.1272580827740746,0.2677636227915876,-0.23583259754515473
380,13,25,no_fish,6.293,chironomidae,NA,0.072169494,0.798857732,no heated,no fish,no heated_no fish,M = aL^b,0.001123,2.7264,0.1691942018750887,0.03383884037501774,-3.386146012708998,-2.628737843146034,-0.06349832051094362,-0.7373123579171141
381,13,25,no_fish,7.461,chironomidae,NA,0.132590465,0.87279704,no heated,no fish,no heated_no fish,M = aL^b,0.001123,2.7264,0.26913712329535294,0.05382742465907059,-2.921972189666493,-2.0204901118098455,0.40067550253156137,-0.12906462658092566
229,22,25,no_fish,13.682,chironomidae,NA,0.044644385,1.136149586,no heated,no fish,no heated_no fish,M = aL^b,0.001123,2.7264,1.4059762603816988,0.2811952520763398,-1.26870600369621,-3.109026735446622,2.0539416885018444,-1.217601250217702
230,22,25,no_fish,13.375,chironomidae,NA,0.171528425,1.126293791,no heated,no fish,no heated_no fish,M = aL^b,0.001123,2.7264,1.3216216585987492,0.26432433171974984,-1.3305784006188952,-1.7630062826698356,1.9920692915791591,0.12841920255908423
231,22,25,no_fish,10.39,chironomidae,NA,0.159779902,1.016615548,no heated,no fish,no heated_no fish,M = aL^b,0.001123,2.7264,0.6638659363549094,0.1327731872709819,-2.01911296540493,-1.8339580232717765,1.3035347267931243,0.05746746195714336
232,22,25,no_fish,10.929,chironomidae,NA,0.070491133,1.038580426,no heated,no fish,no heated_no fish,M = aL^b,0.001123,2.7264,0.762018349974675,0.15240366999493501,-1.881222554687947,-2.6522683501236526,1.4414251375101073,-0.7608428648947327
233,22,25,no_fish,12.036,chironomidae,NA,0.112785814,1.080482179,no heated,no fish,no heated_no fish,M = aL^b,0.001123,2.7264,0.9913028830832501,0.19826057661665003,-1.6181730699954049,-2.182264710238281,1.7044746222026494,-0.2908392250093612
234,22,25,no_fish,10.227,chironomidae,NA,0.16917872,1.009748256,no heated,no fish,no heated_no fish,M = aL^b,0.001123,2.7264,0.6358539906415636,0.12717079812831272,-2.0622242288953165,-1.7767996080410255,1.2604234633027378,0.1146258771878943
235,22,25,no_fish,11.433,chironomidae,NA,0.072840838,1.058160203,no heated,no fish,no heated_no fish,M = aL^b,0.001123,2.7264,0.8616834169678975,0.17233668339357952,-1.758305253909603,-2.619478519521143,1.5643424382884514,-0.7280530342922231
236,22,25,no_fish,11.225,chironomidae,NA,0.159779902,1.05018635,no heated,no fish,no heated_no fish,M = aL^b,0.001123,2.7264,0.8196110784735006,0.1639222156947001,-1.8083632582156852,-1.8339580232717765,1.5142844339823691,0.05746746195714336
237,22,25,no_fish,11.061,chironomidae,NA,0.140982267,1.043794392,no heated,no fish,no heated_no fish,M = aL^b,0.001123,2.7264,0.7873734882159564,0.1574746976431913,-1.848490483506524,-1.9591211624706169,1.4741572086915304,-0.067695677241697
238,22,25,no_fish,11.368,chironomidae,NA,0.202074583,1.055684065,no heated,no fish,no heated_no fish,M = aL^b,0.001123,2.7264,0.8483924419169524,0.1696784883833905,-1.7738498773969897,-1.5991184269546093,1.5487978148010646,0.2923070582743106
239,22,25,no_fish,2.15,chironomidae,NA,0.018797636,0.33243846,no heated,no fish,no heated_no fish,M = aL^b,0.001123,2.7264,0.009051904708235968,0.0018103809416471937,-6.3142179908506035,-3.9740241617336096,-2.991570298652549,-2.0825986765046895
240,22,25,no_fish,2.198,chironomidae,NA,0.014098227,0.342027688,no heated,no fish,no heated_no fish,M = aL^b,0.001123,2.7264,0.009613555659190408,0.0019227111318380818,-6.254019041112161,-4.26170623418539,-2.931371348914107,-2.3702807489564703
241,22,25,no_fish,3.224,chironomidae,NA,0.070491133,0.508395033,no heated,no fish,no heated_no fish,M = aL^b,0.001123,2.7264,0.027319199813403566,0.005463839962680714,-5.2096034465494885,-2.6522683501236526,-1.8869557543514341,-0.7608428648947327
242,22,25,no_fish,2.246,chironomidae,NA,0.030546158,0.351409752,no heated,no fish,no heated_no fish,M = aL^b,0.001123,2.7264,0.010196785977768378,0.0020393571955536756,-6.195120620999304,-3.4885163623205795,-2.8724729288012494,-1.5970908770916596
243,22,25,no_fish,3.414,chironomidae,NA,0.152730789,0.533263517,no heated,no fish,no heated_no fish,M = aL^b,0.001123,2.7264,0.03193518294436307,0.006387036588872615,-5.0534848757714315,-1.8790784564339473,-1.7308371835733771,0.012347028794972514
244,22,25,no_fish,2.129,chironomidae,pupae,0.028196453,0.328175661,no heated,no fish,no heated_no fish,M = aL^b,0.001123,2.7264,0.008812880466455987,0.0017625760932911975,-6.340978850711247,-3.5685590890908987,-3.0183311585131927,-1.6771336038619788
245,22,25,no_fish,1.912,chironomidae,pupae,0.016447931,0.281487888,no heated,no fish,no heated_no fish,M = aL^b,0.001123,2.7264,0.006573979325587151,0.0013147958651174303,-6.634073861054854,-4.107555584757092,-3.3114261688567996,-2.216130099528172
246,22,25,no_fish,2.487,chironomidae,NA,0.049343793,0.395675785,no heated,no fish,no heated_no fish,M = aL^b,0.001123,2.7264,0.013463259514318668,0.0026926519028637338,-5.9172287334912275,-3.0089432960889826,-2.594581041293173,-1.1175178108600627
247,22,25,no_fish,2.986,chironomidae,NA,0.04229468,0.475089803,no heated,no fish,no heated_no fish,M = aL^b,0.001123,2.7264,0.022164839774933616,0.004432967954986724,-5.418685951987346,-3.1630939691609163,-2.0960382597892915,-1.2716684839319965
248,22,25,no_fish,2.721,chironomidae,NA,0.009398818,0.434728542,no heated,no fish,no heated_no fish,M = aL^b,0.001123,2.7264,0.017203770982505327,0.0034407541965010657,-5.672064588458187,-4.667171342293555,-2.3494168962601325,-2.775745857064635
249,22,25,no_fish,3.004,chironomidae,NA,0.185039225,0.477699928,no heated,no fish,no heated_no fish,M = aL^b,0.001123,2.7264,0.02253101936637539,0.004506203873275078,-5.402300193149823,-1.6871874493513386,-2.0796525009517683,0.20423803587758127
250,22,25,no_fish,4.995,chironomidae,NA,0.073428264,0.698535493,no heated,no fish,no heated_no fish,M = aL^b,0.001123,2.7264,0.09012949198718706,0.01802589839743741,-4.015945755309082,-2.611446349361478,-0.6932980631110279,-0.7200208641325581
251,22,25,no_fish,7.877,chironomidae,NA,0.205599139,0.896360845,no heated,no fish,no heated_no fish,M = aL^b,0.001123,2.7264,0.31204552970061133,0.06240910594012227,-2.7740440857256865,-1.5818269331530863,0.5486036064723678,0.30959855207583353
252,22,25,no_fish,8.441,chironomidae,NA,0.182102095,0.9263939,no heated,no fish,no heated_no fish,M = aL^b,0.001123,2.7264,0.3767906228014979,0.07535812456029958,-2.5855035354316156,-1.703187787646988,0.7371441567664387,0.18823769758193176
253,22,25,no_fish,3.895,chironomidae,NA,0.114548092,0.590507462,no heated,no fish,no heated_no fish,M = aL^b,0.001123,2.7264,0.045744543784199156,0.009148908756839831,-4.694120668354491,-2.166760526703239,-1.3714729761564364,-0.275335041474319
254,22,25,no_fish,10.901,chironomidae,NA,0.199724878,1.03746634,no heated,no fish,no heated_no fish,M = aL^b,0.001123,2.7264,0.7567074063083888,0.1513414812616778,-1.888216530122073,-1.6108144694541229,1.4344311620759813,0.28061101577479697
255,22,25,no_fish,8.54,chironomidae,NA,0.232033314,0.931457871,no heated,no fish,no heated_no fish,M = aL^b,0.001123,2.7264,0.38896139125628787,0.07779227825125758,-2.553713103992707,-1.4608743227969914,0.7689345882053473,0.4305511624319285
256,22,25,no_fish,3.378,chironomidae,NA,0.088113917,0.528659645,no heated,no fish,no heated_no fish,M = aL^b,0.001123,2.7264,0.031025401686755036,0.006205080337351007,-5.0823869132134085,-2.429124790297734,-1.7597392210153542,-0.5376993050688144
257,22,25,no_fish,7.853,chironomidae,NA,0.05286835,0.895035597,no heated,no fish,no heated_no fish,M = aL^b,0.001123,2.7264,0.30946020518416006,0.06189204103683202,-2.7823636853155715,-2.9399504178467066,0.5402840068824828,-1.0485249326177868
258,22,25,no_fish,9.835,chironomidae,NA,0.229096184,0.992774364,no heated,no fish,no heated_no fish,M = aL^b,0.001123,2.7264,0.5715836309822014,0.11431672619644029,-2.168782382960568,-1.4736133461432936,1.1538653092374864,0.4178121390856262
259,22,25,no_fish,6.386,chironomidae,NA,0.2114734,0.805228914,no heated,no fish,no heated_no fish,M = aL^b,0.001123,2.7264,0.17609858566442257,0.035219717132884513,-3.346149207380613,-1.5536560567268158,-0.02350151518255883,0.337769428502104
260,22,25,no_fish,3.897,chironomidae,NA,0.101820526,0.590730406,no heated,no fish,no heated_no fish,M = aL^b,0.001123,2.7264,0.045808612184910114,0.009161722436982022,-4.692721079001373,-2.284543564542112,-1.3700733868033188,-0.3931180793131921
261,22,25,no_fish,7.082,chironomidae,NA,0.123359484,0.850155922,no heated,no fish,no heated_no fish,M = aL^b,0.001123,2.7264,0.23347740794752686,0.04669548158950537,-3.0641078729603004,-2.0926525520552435,0.25853981923775393,-0.20122706682632363
262,22,25,no_fish,3.246,chironomidae,NA,0.090072004,0.511348515,no heated,no fish,no heated_no fish,M = aL^b,0.001123,2.7264,0.02783045770574063,0.005566091541148126,-5.191062169526413,-2.407145884072391,-1.8684144773283586,-0.5157203988434713
263,22,25,no_fish,3.152,chironomidae,NA,0.076365395,0.498586209,no heated,no fish,no heated_no fish,M = aL^b,0.001123,2.7264,0.025687698545330706,0.005137539709066142,-5.271180969931038,-2.5722256304464244,-1.9485332777329836,-0.6808001452175045
